{"data":{"m_def":"../upload/raw/sintering_schema.archive.yaml#/definitions/section_definitions/1","name":"MyBetterSinteringProcess","datetime":"2024-05-05T07:11:54.662916+00:00","description":"<p>Sintering process entry created using custom schema.</p>","steps":[{"name":"Heating","start_time":"2024-05-15T08:00:00+00:00","duration":1800,"initial_temperature":25,"final_temperature":100},{"name":"Cooling","start_time":"2024-05-15T08:30:00.000Z","initial_temperature":100,"final_temperature":25,"duration":3600}]},"workflow2":{"name":"MyBetterSinteringProcess","tasks":[{"name":"Heating"}]}}