{"data":{"m_def":"nomad.datamodel.metainfo.eln.ELNProcess","name":"MySinteringProcess","datetime":"2024-05-03T14:37:55.174303+00:00","description":"<p>Sintering process involving heating and cooling.</p>","steps":[{"name":"Heating","start_time":"2024-05-15T08:00:00+00:00","comment":"<p>25 degC -&gt; 100 degC</p>","duration":1800},{"name":"Cooling","duration":3600,"start_time":"2024-05-15T08:30:00.000Z","comment":"<p>100 degC -&gt; 25 degC</p>"}],"samples":[{"name":"Ga2O3 sintering sample","reference":"../uploads/ptw1yj4WQsmFqZCYTEup6Q/archive/0U3FlkWUVM7kE6upj5_kht77jRIh#/data"}]},"workflow2":{"name":"MySinteringProcess","outputs":[{"name":"Ga2O3 sintering sample","section":"../uploads/ptw1yj4WQsmFqZCYTEup6Q/archive/0U3FlkWUVM7kE6upj5_kht77jRIh#/data"}],"tasks":[{"name":"Heating"}]}}