{"data":{"m_def":"nomad.datamodel.metainfo.eln.ELNExperiment","name":"MySinteringExperiment","datetime":"2024-05-03T14:37:10.700129+00:00","lab_id":"FAI_SaKa_20240503_MySinteringExperiment","description":"<p>This experiment contains two steps: sintering and XRD measurement.</p>","steps":[{"name":"Sintering","start_time":"2024-05-03T14:37:55.174303+00:00","activity":"../uploads/ptw1yj4WQsmFqZCYTEup6Q/archive/e6t-c1ZbQ35khih_obQ0lbFGHCx_#/data"},{"name":"XRD Measurement","activity":"../uploads/ptw1yj4WQsmFqZCYTEup6Q/archive/hdhvwU_77IMCiaaTGlmxqOU7n0tD#data"}],"experiment_identifiers":{"institute":"FAI","owner":"SaKa","datetime":"2024-05-03T14:37:10.695658+00:00","short_name":"MySinteringExperiment","lab_id":"FAI_SaKa_20240503_MySinteringExperiment"}},"workflow2":{"name":"MySinteringExperiment","tasks":[{"m_def":"nomad.datamodel.metainfo.workflow.TaskReference","name":"MySinteringProcess","task":"../uploads/ptw1yj4WQsmFqZCYTEup6Q/archive/e6t-c1ZbQ35khih_obQ0lbFGHCx_#/workflow2"}]}}