two_theta,CPS,ESD
10,20.83,2.236
10.02,41.67,3.162
10.04,20.83,2.236
10.06,29.17,2.646
10.08,20.83,2.236
10.1,8.33,1.414
10.12,16.67,2
10.14,16.67,2
10.16,8.33,1.414
10.18,12.5,1.732
10.2,37.5,3
10.22,4.17,1
10.24,8.33,1.414
10.26,25,2.449
10.28,33.33,2.828
10.3,25,2.449
10.32,8.33,1.414
10.34,25,2.449
10.36,29.17,2.646
10.38,16.67,2
10.4,33.33,2.828
10.42,25,2.449
10.44,0,0
10.46,41.67,3.162
10.48,33.33,2.828
10.5,20.83,2.236
10.52,45.83,3.317
10.54,29.17,2.646
10.56,37.5,3
10.58,12.5,1.732
10.6,16.67,2
10.62,4.17,1
10.64,20.83,2.236
10.66,12.5,1.732
10.68,12.5,1.732
10.7,16.67,2
10.72,29.17,2.646
10.74,41.67,3.162
10.76,12.5,1.732
10.78,20.83,2.236
10.8,29.17,2.646
10.82,50,3.464
10.84,25,2.449
10.86,12.5,1.732
10.88,16.67,2
10.9,4.17,1
10.92,20.83,2.236
10.94,25,2.449
10.96,12.5,1.732
10.98,25,2.449
11,25,2.449
11.02,16.67,2
11.04,12.5,1.732
11.06,25,2.449
11.08,20.83,2.236
11.1,25,2.449
11.12,20.83,2.236
11.14,25,2.449
11.16,4.17,1
11.18,25,2.449
11.2,25,2.449
11.22,25,2.449
11.24,33.33,2.828
11.26,20.83,2.236
11.28,16.67,2
11.3,16.67,2
11.32,12.5,1.732
11.34,12.5,1.732
11.36,20.83,2.236
11.38,20.83,2.236
11.4,25,2.449
11.42,12.5,1.732
11.44,4.17,1
11.46,25,2.449
11.48,41.67,3.162
11.5,4.17,1
11.52,8.33,1.414
11.54,12.5,1.732
11.56,20.83,2.236
11.58,20.83,2.236
11.6,20.83,2.236
11.62,25,2.449
11.64,4.17,1
11.66,20.83,2.236
11.68,16.67,2
11.7,29.17,2.646
11.72,20.83,2.236
11.74,20.83,2.236
11.76,29.17,2.646
11.78,12.5,1.732
11.8,16.67,2
11.82,8.33,1.414
11.84,20.83,2.236
11.86,29.17,2.646
11.88,8.33,1.414
11.9,37.5,3
11.92,12.5,1.732
11.94,25,2.449
11.96,16.67,2
11.98,8.33,1.414
12,16.67,2
12.02,12.5,1.732
12.04,29.17,2.646
12.06,16.67,2
12.08,20.83,2.236
12.1,16.67,2
12.12,16.67,2
12.14,16.67,2
12.16,37.5,3
12.18,8.33,1.414
12.2,20.83,2.236
12.22,20.83,2.236
12.24,33.33,2.828
12.26,4.17,1
12.28,16.67,2
12.3,16.67,2
12.32,29.17,2.646
12.34,4.17,1
12.36,25,2.449
12.38,8.33,1.414
12.4,20.83,2.236
12.42,16.67,2
12.44,20.83,2.236
12.46,16.67,2
12.48,16.67,2
12.5,4.17,1
12.52,8.33,1.414
12.54,33.33,2.828
12.56,8.33,1.414
12.58,25,2.449
12.6,20.83,2.236
12.62,16.67,2
12.64,8.33,1.414
12.66,29.17,2.646
12.68,25,2.449
12.7,8.33,1.414
12.72,20.83,2.236
12.74,16.67,2
12.76,4.17,1
12.78,29.17,2.646
12.8,29.17,2.646
12.82,16.67,2
12.84,16.67,2
12.86,8.33,1.414
12.88,20.83,2.236
12.9,33.33,2.828
12.92,8.33,1.414
12.94,16.67,2
12.96,4.17,1
12.98,33.33,2.828
13,0,0
13.02,20.83,2.236
13.04,20.83,2.236
13.06,33.33,2.828
13.08,12.5,1.732
13.1,8.33,1.414
13.12,12.5,1.732
13.14,33.33,2.828
13.16,41.67,3.162
13.18,12.5,1.732
13.2,8.33,1.414
13.22,16.67,2
13.24,8.33,1.414
13.26,12.5,1.732
13.28,33.33,2.828
13.3,16.67,2
13.32,8.33,1.414
13.34,29.17,2.646
13.36,8.33,1.414
13.38,29.17,2.646
13.4,0,0
13.42,8.33,1.414
13.44,20.83,2.236
13.46,16.67,2
13.48,12.5,1.732
13.5,8.33,1.414
13.52,12.5,1.732
13.54,16.67,2
13.56,4.17,1
13.58,12.5,1.732
13.6,4.17,1
13.62,16.67,2
13.64,29.17,2.646
13.66,37.5,3
13.68,16.67,2
13.7,12.5,1.732
13.72,8.33,1.414
13.74,20.83,2.236
13.76,16.67,2
13.78,16.67,2
13.8,8.33,1.414
13.82,4.17,1
13.84,8.33,1.414
13.86,12.5,1.732
13.88,16.67,2
13.9,20.83,2.236
13.92,8.33,1.414
13.94,12.5,1.732
13.96,8.33,1.414
13.98,20.83,2.236
14,20.83,2.236
14.02,4.17,1
14.04,8.33,1.414
14.06,29.17,2.646
14.08,16.67,2
14.1,25,2.449
14.12,16.67,2
14.14,25,2.449
14.16,16.67,2
14.18,41.67,3.162
14.2,4.17,1
14.22,20.83,2.236
14.24,29.17,2.646
14.26,4.17,1
14.28,8.33,1.414
14.3,20.83,2.236
14.32,4.17,1
14.34,16.67,2
14.36,8.33,1.414
14.38,4.17,1
14.4,8.33,1.414
14.42,25,2.449
14.44,8.33,1.414
14.46,12.5,1.732
14.48,16.67,2
14.5,20.83,2.236
14.52,8.33,1.414
14.54,12.5,1.732
14.56,20.83,2.236
14.58,12.5,1.732
14.6,16.67,2
14.62,25,2.449
14.64,12.5,1.732
14.66,16.67,2
14.68,16.67,2
14.7,16.67,2
14.72,12.5,1.732
14.74,20.83,2.236
14.76,12.5,1.732
14.78,16.67,2
14.8,4.17,1
14.82,16.67,2
14.84,50,3.464
14.86,4.17,1
14.88,29.17,2.646
14.9,12.5,1.732
14.92,16.67,2
14.94,8.33,1.414
14.96,4.17,1
14.98,8.33,1.414
15,33.33,2.828
15.02,8.33,1.414
15.04,25,2.449
15.06,16.67,2
15.08,12.5,1.732
15.1,8.33,1.414
15.12,16.67,2
15.14,4.17,1
15.16,12.5,1.732
15.18,25,2.449
15.2,8.33,1.414
15.22,4.17,1
15.24,4.17,1
15.26,8.33,1.414
15.28,12.5,1.732
15.3,37.5,3
15.32,12.5,1.732
15.34,4.17,1
15.36,0,0
15.38,8.33,1.414
15.4,8.33,1.414
15.42,20.83,2.236
15.44,16.67,2
15.46,12.5,1.732
15.48,20.83,2.236
15.5,20.83,2.236
15.52,20.83,2.236
15.54,29.17,2.646
15.56,12.5,1.732
15.58,4.17,1
15.6,8.33,1.414
15.62,8.33,1.414
15.64,4.17,1
15.66,4.17,1
15.68,8.33,1.414
15.7,4.17,1
15.72,4.17,1
15.74,16.67,2
15.76,12.5,1.732
15.78,16.67,2
15.8,29.17,2.646
15.82,12.5,1.732
15.84,4.17,1
15.86,25,2.449
15.88,33.33,2.828
15.9,8.33,1.414
15.92,12.5,1.732
15.94,12.5,1.732
15.96,25,2.449
15.98,16.67,2
16,8.33,1.414
16.02,8.33,1.414
16.04,12.5,1.732
16.06,4.17,1
16.08,8.33,1.414
16.1,12.5,1.732
16.12,8.33,1.414
16.14,4.17,1
16.16,16.67,2
16.18,4.17,1
16.2,16.67,2
16.22,8.33,1.414
16.24,4.17,1
16.26,20.83,2.236
16.28,4.17,1
16.3,4.17,1
16.32,12.5,1.732
16.34,12.5,1.732
16.36,8.33,1.414
16.38,20.83,2.236
16.4,4.17,1
16.42,12.5,1.732
16.44,8.33,1.414
16.46,29.17,2.646
16.48,8.33,1.414
16.5,4.17,1
16.52,12.5,1.732
16.54,0,0
16.56,4.17,1
16.58,4.17,1
16.6,12.5,1.732
16.62,12.5,1.732
16.64,8.33,1.414
16.66,16.67,2
16.68,12.5,1.732
16.7,33.33,2.828
16.72,25,2.449
16.74,8.33,1.414
16.76,16.67,2
16.78,12.5,1.732
16.8,16.67,2
16.82,29.17,2.646
16.84,8.33,1.414
16.86,4.17,1
16.88,4.17,1
16.9,20.83,2.236
16.92,16.67,2
16.94,12.5,1.732
16.96,20.83,2.236
16.98,29.17,2.646
17,33.33,2.828
17.02,8.33,1.414
17.04,25,2.449
17.06,4.17,1
17.08,4.17,1
17.1,8.33,1.414
17.12,12.5,1.732
17.14,20.83,2.236
17.16,12.5,1.732
17.18,12.5,1.732
17.2,25,2.449
17.22,25,2.449
17.24,25,2.449
17.26,37.5,3
17.28,183.33,6.633
17.3,212.5,7.141
17.32,108.33,5.099
17.34,20.83,2.236
17.36,16.67,2
17.38,37.5,3
17.4,29.17,2.646
17.42,20.83,2.236
17.44,16.67,2
17.46,4.17,1
17.48,41.67,3.162
17.5,20.83,2.236
17.52,25,2.449
17.54,25,2.449
17.56,8.33,1.414
17.58,20.83,2.236
17.6,8.33,1.414
17.62,29.17,2.646
17.64,16.67,2
17.66,20.83,2.236
17.68,8.33,1.414
17.7,4.17,1
17.72,25,2.449
17.74,29.17,2.646
17.76,29.17,2.646
17.78,4.17,1
17.8,20.83,2.236
17.82,37.5,3
17.84,54.17,3.606
17.86,16.67,2
17.88,29.17,2.646
17.9,37.5,3
17.92,41.67,3.162
17.94,25,2.449
17.96,41.67,3.162
17.98,33.33,2.828
18,20.83,2.236
18.02,62.5,3.873
18.04,54.17,3.606
18.06,41.67,3.162
18.08,66.67,4
18.1,58.33,3.742
18.12,83.33,4.472
18.14,33.33,2.828
18.16,95.83,4.796
18.18,91.67,4.69
18.2,70.83,4.123
18.22,125,5.477
18.24,120.83,5.385
18.26,141.67,5.831
18.28,254.17,7.81
18.3,358.33,9.274
18.32,666.67,12.649
18.34,1275,17.493
18.36,1475,18.815
18.38,845.83,14.248
18.4,395.83,9.747
18.42,320.83,8.775
18.44,295.83,8.426
18.46,345.83,9.11
18.48,487.5,10.817
18.5,383.33,9.592
18.52,275,8.124
18.54,216.67,7.211
18.56,233.33,7.483
18.58,216.67,7.211
18.6,250,7.746
18.62,266.67,8
18.64,212.5,7.141
18.66,250,7.746
18.68,216.67,7.211
18.7,220.83,7.28
18.72,266.67,8
18.74,233.33,7.483
18.76,258.33,7.874
18.78,250,7.746
18.8,233.33,7.483
18.82,258.33,7.874
18.84,287.5,8.307
18.86,333.33,8.944
18.88,412.5,9.95
18.9,550,11.489
18.92,750,13.416
18.94,1129.17,16.462
18.96,1566.67,19.391
18.98,1958.33,21.679
19,2204.17,23
19.02,2637.5,25.159
19.04,2937.5,26.552
19.06,3304.17,28.16
19.08,3991.67,30.952
19.1,6016.67,38
19.12,13204.17,56.294
19.14,54066.67,113.912
19.16,94737.5,150.788
19.18,62695.83,122.666
19.2,50391.67,109.973
19.22,38525,96.156
19.24,12812.5,55.453
19.26,5441.67,36.139
19.28,4083.33,31.305
19.3,3900,30.594
19.32,3741.67,29.967
19.34,3233.33,27.857
19.36,2462.5,24.31
19.38,1883.33,21.26
19.4,1525,19.131
19.42,970.83,15.264
19.44,679.17,12.767
19.46,462.5,10.536
19.48,395.83,9.747
19.5,362.5,9.327
19.52,458.33,10.488
19.54,341.67,9.055
19.56,400,9.798
19.58,325,8.832
19.6,345.83,9.11
19.62,350,9.165
19.64,300,8.485
19.66,250,7.746
19.68,304.17,8.544
19.7,266.67,8
19.72,262.5,7.937
19.74,245.83,7.681
19.76,275,8.124
19.78,270.83,8.062
19.8,258.33,7.874
19.82,225,7.348
19.84,250,7.746
19.86,175,6.481
19.88,187.5,6.708
19.9,225,7.348
19.92,262.5,7.937
19.94,208.33,7.071
19.96,187.5,6.708
19.98,245.83,7.681
20,220.83,7.28
20.02,204.17,7
20.04,200,6.928
20.06,250,7.746
20.08,141.67,5.831
20.1,216.67,7.211
20.12,237.5,7.55
20.14,212.5,7.141
20.16,220.83,7.28
20.18,150,6
20.2,195.83,6.856
20.22,162.5,6.245
20.24,154.17,6.083
20.26,150,6
20.28,170.83,6.403
20.3,204.17,7
20.32,137.5,5.745
20.34,125,5.477
20.36,141.67,5.831
20.38,145.83,5.916
20.4,133.33,5.657
20.42,175,6.481
20.44,158.33,6.164
20.46,158.33,6.164
20.48,175,6.481
20.5,145.83,5.916
20.52,112.5,5.196
20.54,137.5,5.745
20.56,125,5.477
20.58,112.5,5.196
20.6,141.67,5.831
20.62,100,4.899
20.64,116.67,5.292
20.66,112.5,5.196
20.68,95.83,4.796
20.7,83.33,4.472
20.72,87.5,4.583
20.74,95.83,4.796
20.76,83.33,4.472
20.78,66.67,4
20.8,95.83,4.796
20.82,70.83,4.123
20.84,83.33,4.472
20.86,100,4.899
20.88,75,4.243
20.9,100,4.899
20.92,62.5,3.873
20.94,62.5,3.873
20.96,25,2.449
20.98,66.67,4
21,45.83,3.317
21.02,50,3.464
21.04,50,3.464
21.06,33.33,2.828
21.08,12.5,1.732
21.1,45.83,3.317
21.12,8.33,1.414
21.14,29.17,2.646
21.16,37.5,3
21.18,20.83,2.236
21.2,25,2.449
21.22,41.67,3.162
21.24,33.33,2.828
21.26,25,2.449
21.28,16.67,2
21.3,12.5,1.732
21.32,8.33,1.414
21.34,25,2.449
21.36,16.67,2
21.38,37.5,3
21.4,25,2.449
21.42,20.83,2.236
21.44,25,2.449
21.46,12.5,1.732
21.48,8.33,1.414
21.5,25,2.449
21.52,20.83,2.236
21.54,8.33,1.414
21.56,16.67,2
21.58,16.67,2
21.6,4.17,1
21.62,29.17,2.646
21.64,12.5,1.732
21.66,20.83,2.236
21.68,20.83,2.236
21.7,12.5,1.732
21.72,25,2.449
21.74,25,2.449
21.76,0,0
21.78,16.67,2
21.8,16.67,2
21.82,4.17,1
21.84,29.17,2.646
21.86,16.67,2
21.88,20.83,2.236
21.9,8.33,1.414
21.92,29.17,2.646
21.94,4.17,1
21.96,8.33,1.414
21.98,33.33,2.828
22,16.67,2
22.02,25,2.449
22.04,16.67,2
22.06,16.67,2
22.08,12.5,1.732
22.1,20.83,2.236
22.12,20.83,2.236
22.14,12.5,1.732
22.16,16.67,2
22.18,4.17,1
22.2,8.33,1.414
22.22,12.5,1.732
22.24,16.67,2
22.26,0,0
22.28,12.5,1.732
22.3,16.67,2
22.32,12.5,1.732
22.34,16.67,2
22.36,37.5,3
22.38,29.17,2.646
22.4,8.33,1.414
22.42,4.17,1
22.44,4.17,1
22.46,12.5,1.732
22.48,4.17,1
22.5,16.67,2
22.52,25,2.449
22.54,8.33,1.414
22.56,25,2.449
22.58,4.17,1
22.6,8.33,1.414
22.62,12.5,1.732
22.64,16.67,2
22.66,8.33,1.414
22.68,25,2.449
22.7,0,0
22.72,16.67,2
22.74,25,2.449
22.76,8.33,1.414
22.78,20.83,2.236
22.8,8.33,1.414
22.82,8.33,1.414
22.84,4.17,1
22.86,16.67,2
22.88,12.5,1.732
22.9,16.67,2
22.92,25,2.449
22.94,25,2.449
22.96,16.67,2
22.98,12.5,1.732
23,20.83,2.236
23.02,25,2.449
23.04,20.83,2.236
23.06,12.5,1.732
23.08,16.67,2
23.1,12.5,1.732
23.12,37.5,3
23.14,8.33,1.414
23.16,8.33,1.414
23.18,12.5,1.732
23.2,16.67,2
23.22,4.17,1
23.24,25,2.449
23.26,12.5,1.732
23.28,4.17,1
23.3,8.33,1.414
23.32,25,2.449
23.34,33.33,2.828
23.36,4.17,1
23.38,0,0
23.4,8.33,1.414
23.42,16.67,2
23.44,8.33,1.414
23.46,20.83,2.236
23.48,12.5,1.732
23.5,8.33,1.414
23.52,25,2.449
23.54,16.67,2
23.56,16.67,2
23.58,20.83,2.236
23.6,16.67,2
23.62,20.83,2.236
23.64,29.17,2.646
23.66,37.5,3
23.68,8.33,1.414
23.7,25,2.449
23.72,8.33,1.414
23.74,16.67,2
23.76,12.5,1.732
23.78,20.83,2.236
23.8,25,2.449
23.82,16.67,2
23.84,4.17,1
23.86,4.17,1
23.88,20.83,2.236
23.9,12.5,1.732
23.92,25,2.449
23.94,16.67,2
23.96,4.17,1
23.98,25,2.449
24,4.17,1
24.02,8.33,1.414
24.04,16.67,2
24.06,4.17,1
24.08,16.67,2
24.1,8.33,1.414
24.12,25,2.449
24.14,0,0
24.16,12.5,1.732
24.18,8.33,1.414
24.2,12.5,1.732
24.22,20.83,2.236
24.24,12.5,1.732
24.26,8.33,1.414
24.28,0,0
24.3,4.17,1
24.32,12.5,1.732
24.34,16.67,2
24.36,4.17,1
24.38,16.67,2
24.4,16.67,2
24.42,16.67,2
24.44,8.33,1.414
24.46,4.17,1
24.48,12.5,1.732
24.5,8.33,1.414
24.52,16.67,2
24.54,12.5,1.732
24.56,4.17,1
24.58,16.67,2
24.6,12.5,1.732
24.62,8.33,1.414
24.64,12.5,1.732
24.66,25,2.449
24.68,16.67,2
24.7,4.17,1
24.72,16.67,2
24.74,25,2.449
24.76,12.5,1.732
24.78,16.67,2
24.8,4.17,1
24.82,8.33,1.414
24.84,20.83,2.236
24.86,16.67,2
24.88,12.5,1.732
24.9,8.33,1.414
24.92,12.5,1.732
24.94,25,2.449
24.96,12.5,1.732
24.98,12.5,1.732
25,20.83,2.236
25.02,25,2.449
25.04,4.17,1
25.06,4.17,1
25.08,8.33,1.414
25.1,8.33,1.414
25.12,25,2.449
25.14,12.5,1.732
25.16,12.5,1.732
25.18,20.83,2.236
25.2,0,0
25.22,16.67,2
25.24,4.17,1
25.26,12.5,1.732
25.28,12.5,1.732
25.3,12.5,1.732
25.32,8.33,1.414
25.34,8.33,1.414
25.36,16.67,2
25.38,20.83,2.236
25.4,8.33,1.414
25.42,4.17,1
25.44,8.33,1.414
25.46,0,0
25.48,16.67,2
25.5,29.17,2.646
25.52,12.5,1.732
25.54,8.33,1.414
25.56,4.17,1
25.58,16.67,2
25.6,8.33,1.414
25.62,12.5,1.732
25.64,8.33,1.414
25.66,12.5,1.732
25.68,16.67,2
25.7,8.33,1.414
25.72,20.83,2.236
25.74,4.17,1
25.76,4.17,1
25.78,12.5,1.732
25.8,0,0
25.82,20.83,2.236
25.84,16.67,2
25.86,20.83,2.236
25.88,16.67,2
25.9,16.67,2
25.92,4.17,1
25.94,16.67,2
25.96,25,2.449
25.98,25,2.449
26,16.67,2
26.02,12.5,1.732
26.04,20.83,2.236
26.06,8.33,1.414
26.08,16.67,2
26.1,12.5,1.732
26.12,12.5,1.732
26.14,8.33,1.414
26.16,16.67,2
26.18,8.33,1.414
26.2,29.17,2.646
26.22,4.17,1
26.24,12.5,1.732
26.26,16.67,2
26.28,12.5,1.732
26.3,12.5,1.732
26.32,16.67,2
26.34,12.5,1.732
26.36,20.83,2.236
26.38,25,2.449
26.4,4.17,1
26.42,0,0
26.44,0,0
26.46,4.17,1
26.48,4.17,1
26.5,25,2.449
26.52,8.33,1.414
26.54,0,0
26.56,16.67,2
26.58,4.17,1
26.6,16.67,2
26.62,8.33,1.414
26.64,41.67,3.162
26.66,16.67,2
26.68,25,2.449
26.7,12.5,1.732
26.72,8.33,1.414
26.74,0,0
26.76,12.5,1.732
26.78,16.67,2
26.8,8.33,1.414
26.82,8.33,1.414
26.84,8.33,1.414
26.86,4.17,1
26.88,25,2.449
26.9,8.33,1.414
26.92,8.33,1.414
26.94,12.5,1.732
26.96,29.17,2.646
26.98,8.33,1.414
27,8.33,1.414
27.02,16.67,2
27.04,29.17,2.646
27.06,8.33,1.414
27.08,20.83,2.236
27.1,20.83,2.236
27.12,16.67,2
27.14,4.17,1
27.16,8.33,1.414
27.18,16.67,2
27.2,0,0
27.22,8.33,1.414
27.24,4.17,1
27.26,12.5,1.732
27.28,8.33,1.414
27.3,16.67,2
27.32,12.5,1.732
27.34,4.17,1
27.36,33.33,2.828
27.38,20.83,2.236
27.4,16.67,2
27.42,25,2.449
27.44,12.5,1.732
27.46,4.17,1
27.48,12.5,1.732
27.5,4.17,1
27.52,12.5,1.732
27.54,29.17,2.646
27.56,16.67,2
27.58,0,0
27.6,4.17,1
27.62,12.5,1.732
27.64,12.5,1.732
27.66,16.67,2
27.68,8.33,1.414
27.7,20.83,2.236
27.72,0,0
27.74,20.83,2.236
27.76,20.83,2.236
27.78,8.33,1.414
27.8,8.33,1.414
27.82,8.33,1.414
27.84,16.67,2
27.86,8.33,1.414
27.88,12.5,1.732
27.9,8.33,1.414
27.92,8.33,1.414
27.94,25,2.449
27.96,29.17,2.646
27.98,20.83,2.236
28,0,0
28.02,16.67,2
28.04,8.33,1.414
28.06,16.67,2
28.08,20.83,2.236
28.1,4.17,1
28.12,12.5,1.732
28.14,16.67,2
28.16,20.83,2.236
28.18,16.67,2
28.2,12.5,1.732
28.22,12.5,1.732
28.24,0,0
28.26,0,0
28.28,8.33,1.414
28.3,12.5,1.732
28.32,4.17,1
28.34,33.33,2.828
28.36,29.17,2.646
28.38,25,2.449
28.4,8.33,1.414
28.42,8.33,1.414
28.44,4.17,1
28.46,4.17,1
28.48,0,0
28.5,8.33,1.414
28.52,8.33,1.414
28.54,12.5,1.732
28.56,8.33,1.414
28.58,4.17,1
28.6,4.17,1
28.62,12.5,1.732
28.64,12.5,1.732
28.66,12.5,1.732
28.68,12.5,1.732
28.7,16.67,2
28.72,8.33,1.414
28.74,12.5,1.732
28.76,12.5,1.732
28.78,4.17,1
28.8,12.5,1.732
28.82,8.33,1.414
28.84,16.67,2
28.86,20.83,2.236
28.88,50,3.464
28.9,33.33,2.828
28.92,41.67,3.162
28.94,12.5,1.732
28.96,33.33,2.828
28.98,33.33,2.828
29,33.33,2.828
29.02,20.83,2.236
29.04,4.17,1
29.06,8.33,1.414
29.08,25,2.449
29.1,8.33,1.414
29.12,4.17,1
29.14,8.33,1.414
29.16,12.5,1.732
29.18,12.5,1.732
29.2,12.5,1.732
29.22,0,0
29.24,8.33,1.414
29.26,0,0
29.28,20.83,2.236
29.3,8.33,1.414
29.32,0,0
29.34,4.17,1
29.36,20.83,2.236
29.38,16.67,2
29.4,20.83,2.236
29.42,0,0
29.44,12.5,1.732
29.46,4.17,1
29.48,16.67,2
29.5,8.33,1.414
29.52,4.17,1
29.54,4.17,1
29.56,16.67,2
29.58,12.5,1.732
29.6,12.5,1.732
29.62,8.33,1.414
29.64,4.17,1
29.66,8.33,1.414
29.68,16.67,2
29.7,4.17,1
29.72,12.5,1.732
29.74,16.67,2
29.76,8.33,1.414
29.78,12.5,1.732
29.8,8.33,1.414
29.82,12.5,1.732
29.84,16.67,2
29.86,8.33,1.414
29.88,0,0
29.9,4.17,1
29.92,12.5,1.732
29.94,20.83,2.236
29.96,12.5,1.732
29.98,4.17,1
30,8.33,1.414
30.02,4.17,1
30.04,16.67,2
30.06,4.17,1
30.08,0,0
30.1,12.5,1.732
30.12,4.17,1
30.14,12.5,1.732
30.16,12.5,1.732
30.18,4.17,1
30.2,0,0
30.22,0,0
30.24,12.5,1.732
30.26,12.5,1.732
30.28,25,2.449
30.3,4.17,1
30.32,16.67,2
30.34,25,2.449
30.36,12.5,1.732
30.38,4.17,1
30.4,4.17,1
30.42,12.5,1.732
30.44,8.33,1.414
30.46,8.33,1.414
30.48,4.17,1
30.5,0,0
30.52,12.5,1.732
30.54,8.33,1.414
30.56,8.33,1.414
30.58,16.67,2
30.6,0,0
30.62,16.67,2
30.64,8.33,1.414
30.66,25,2.449
30.68,20.83,2.236
30.7,4.17,1
30.72,25,2.449
30.74,4.17,1
30.76,16.67,2
30.78,12.5,1.732
30.8,0,0
30.82,4.17,1
30.84,8.33,1.414
30.86,0,0
30.88,4.17,1
30.9,4.17,1
30.92,8.33,1.414
30.94,8.33,1.414
30.96,8.33,1.414
30.98,12.5,1.732
31,12.5,1.732
31.02,4.17,1
31.04,37.5,3
31.06,16.67,2
31.08,8.33,1.414
31.1,16.67,2
31.12,0,0
31.14,12.5,1.732
31.16,12.5,1.732
31.18,8.33,1.414
31.2,8.33,1.414
31.22,4.17,1
31.24,8.33,1.414
31.26,4.17,1
31.28,4.17,1
31.3,12.5,1.732
31.32,12.5,1.732
31.34,20.83,2.236
31.36,0,0
31.38,16.67,2
31.4,4.17,1
31.42,20.83,2.236
31.44,4.17,1
31.46,8.33,1.414
31.48,29.17,2.646
31.5,4.17,1
31.52,20.83,2.236
31.54,12.5,1.732
31.56,16.67,2
31.58,20.83,2.236
31.6,12.5,1.732
31.62,4.17,1
31.64,4.17,1
31.66,8.33,1.414
31.68,16.67,2
31.7,12.5,1.732
31.72,0,0
31.74,12.5,1.732
31.76,12.5,1.732
31.78,12.5,1.732
31.8,29.17,2.646
31.82,4.17,1
31.84,4.17,1
31.86,4.17,1
31.88,8.33,1.414
31.9,8.33,1.414
31.92,0,0
31.94,29.17,2.646
31.96,4.17,1
31.98,12.5,1.732
32,12.5,1.732
32.02,29.17,2.646
32.04,8.33,1.414
32.06,16.67,2
32.08,0,0
32.1,12.5,1.732
32.12,29.17,2.646
32.14,33.33,2.828
32.16,25,2.449
32.18,16.67,2
32.2,16.67,2
32.22,16.67,2
32.24,8.33,1.414
32.26,16.67,2
32.28,25,2.449
32.3,12.5,1.732
32.32,0,0
32.34,12.5,1.732
32.36,8.33,1.414
32.38,16.67,2
32.4,8.33,1.414
32.42,4.17,1
32.44,4.17,1
32.46,0,0
32.48,12.5,1.732
32.5,16.67,2
32.52,4.17,1
32.54,16.67,2
32.56,12.5,1.732
32.58,0,0
32.6,8.33,1.414
32.62,12.5,1.732
32.64,8.33,1.414
32.66,8.33,1.414
32.68,4.17,1
32.7,8.33,1.414
32.72,8.33,1.414
32.74,4.17,1
32.76,12.5,1.732
32.78,0,0
32.8,16.67,2
32.82,16.67,2
32.84,12.5,1.732
32.86,8.33,1.414
32.88,8.33,1.414
32.9,8.33,1.414
32.92,4.17,1
32.94,0,0
32.96,0,0
32.98,25,2.449
33,12.5,1.732
33.02,12.5,1.732
33.04,8.33,1.414
33.06,4.17,1
33.08,16.67,2
33.1,8.33,1.414
33.12,0,0
33.14,0,0
33.16,4.17,1
33.18,4.17,1
33.2,29.17,2.646
33.22,8.33,1.414
33.24,37.5,3
33.26,8.33,1.414
33.28,0,0
33.3,12.5,1.732
33.32,12.5,1.732
33.34,0,0
33.36,20.83,2.236
33.38,8.33,1.414
33.4,20.83,2.236
33.42,16.67,2
33.44,16.67,2
33.46,4.17,1
33.48,12.5,1.732
33.5,8.33,1.414
33.52,8.33,1.414
33.54,0,0
33.56,12.5,1.732
33.58,12.5,1.732
33.6,16.67,2
33.62,20.83,2.236
33.64,25,2.449
33.66,12.5,1.732
33.68,8.33,1.414
33.7,8.33,1.414
33.72,16.67,2
33.74,16.67,2
33.76,12.5,1.732
33.78,4.17,1
33.8,12.5,1.732
33.82,16.67,2
33.84,8.33,1.414
33.86,16.67,2
33.88,4.17,1
33.9,4.17,1
33.92,16.67,2
33.94,12.5,1.732
33.96,16.67,2
33.98,4.17,1
34,8.33,1.414
34.02,12.5,1.732
34.04,16.67,2
34.06,8.33,1.414
34.08,4.17,1
34.1,16.67,2
34.12,4.17,1
34.14,4.17,1
34.16,4.17,1
34.18,20.83,2.236
34.2,12.5,1.732
34.22,4.17,1
34.24,16.67,2
34.26,20.83,2.236
34.28,16.67,2
34.3,16.67,2
34.32,16.67,2
34.34,4.17,1
34.36,20.83,2.236
34.38,20.83,2.236
34.4,12.5,1.732
34.42,20.83,2.236
34.44,16.67,2
34.46,20.83,2.236
34.48,8.33,1.414
34.5,25,2.449
34.52,33.33,2.828
34.54,8.33,1.414
34.56,12.5,1.732
34.58,8.33,1.414
34.6,8.33,1.414
34.62,16.67,2
34.64,8.33,1.414
34.66,12.5,1.732
34.68,12.5,1.732
34.7,12.5,1.732
34.72,16.67,2
34.74,8.33,1.414
34.76,12.5,1.732
34.78,20.83,2.236
34.8,29.17,2.646
34.82,16.67,2
34.84,25,2.449
34.86,25,2.449
34.88,45.83,3.317
34.9,37.5,3
34.92,50,3.464
34.94,58.33,3.742
34.96,162.5,6.245
34.98,383.33,9.592
35,629.17,12.288
35.02,450,10.392
35.04,237.5,7.55
35.06,58.33,3.742
35.08,41.67,3.162
35.1,45.83,3.317
35.12,29.17,2.646
35.14,50,3.464
35.16,70.83,4.123
35.18,16.67,2
35.2,16.67,2
35.22,16.67,2
35.24,29.17,2.646
35.26,12.5,1.732
35.28,8.33,1.414
35.3,8.33,1.414
35.32,8.33,1.414
35.34,8.33,1.414
35.36,4.17,1
35.38,4.17,1
35.4,8.33,1.414
35.42,20.83,2.236
35.44,8.33,1.414
35.46,12.5,1.732
35.48,16.67,2
35.5,20.83,2.236
35.52,29.17,2.646
35.54,12.5,1.732
35.56,8.33,1.414
35.58,12.5,1.732
35.6,16.67,2
35.62,16.67,2
35.64,4.17,1
35.66,8.33,1.414
35.68,16.67,2
35.7,16.67,2
35.72,4.17,1
35.74,12.5,1.732
35.76,12.5,1.732
35.78,8.33,1.414
35.8,20.83,2.236
35.82,4.17,1
35.84,25,2.449
35.86,37.5,3
35.88,12.5,1.732
35.9,25,2.449
35.92,25,2.449
35.94,16.67,2
35.96,41.67,3.162
35.98,25,2.449
36,0,0
36.02,4.17,1
36.04,25,2.449
36.06,37.5,3
36.08,12.5,1.732
36.1,25,2.449
36.12,4.17,1
36.14,25,2.449
36.16,54.17,3.606
36.18,58.33,3.742
36.2,25,2.449
36.22,20.83,2.236
36.24,25,2.449
36.26,45.83,3.317
36.28,29.17,2.646
36.3,45.83,3.317
36.32,33.33,2.828
36.34,62.5,3.873
36.36,29.17,2.646
36.38,45.83,3.317
36.4,58.33,3.742
36.42,50,3.464
36.44,70.83,4.123
36.46,25,2.449
36.48,62.5,3.873
36.5,66.67,4
36.52,45.83,3.317
36.54,33.33,2.828
36.56,45.83,3.317
36.58,75,4.243
36.6,41.67,3.162
36.62,87.5,4.583
36.64,66.67,4
36.66,41.67,3.162
36.68,66.67,4
36.7,66.67,4
36.72,75,4.243
36.74,83.33,4.472
36.76,54.17,3.606
36.78,104.17,5
36.8,70.83,4.123
36.82,91.67,4.69
36.84,87.5,4.583
36.86,87.5,4.583
36.88,108.33,5.099
36.9,112.5,5.196
36.92,108.33,5.099
36.94,129.17,5.568
36.96,112.5,5.196
36.98,141.67,5.831
37,195.83,6.856
37.02,187.5,6.708
37.04,254.17,7.81
37.06,358.33,9.274
37.08,362.5,9.327
37.1,512.5,11.091
37.12,637.5,12.369
37.14,833.33,14.142
37.16,1583.33,19.494
37.18,2670.83,25.318
37.2,2983.33,26.758
37.22,2320.83,23.601
37.24,1454.17,18.682
37.26,762.5,13.528
37.28,670.83,12.689
37.3,529.17,11.269
37.32,495.83,10.909
37.34,391.67,9.695
37.36,391.67,9.695
37.38,341.67,9.055
37.4,304.17,8.544
37.42,375,9.487
37.44,408.33,9.899
37.46,554.17,11.533
37.48,841.67,14.213
37.5,1087.5,16.155
37.52,891.67,14.629
37.54,445.83,10.344
37.56,404.17,9.849
37.58,333.33,8.944
37.6,312.5,8.66
37.62,333.33,8.944
37.64,325,8.832
37.66,337.5,9
37.68,391.67,9.695
37.7,325,8.832
37.72,308.33,8.602
37.74,375,9.487
37.76,425,10.1
37.78,370.83,9.434
37.8,308.33,8.602
37.82,383.33,9.592
37.84,412.5,9.95
37.86,412.5,9.95
37.88,391.67,9.695
37.9,354.17,9.22
37.92,400,9.798
37.94,516.67,11.136
37.96,420.83,10.05
37.98,337.5,9
38,450,10.392
38.02,395.83,9.747
38.04,462.5,10.536
38.06,500,10.954
38.08,491.67,10.863
38.1,525,11.225
38.12,495.83,10.909
38.14,412.5,9.95
38.16,408.33,9.899
38.18,541.67,11.402
38.2,562.5,11.619
38.22,508.33,11.045
38.24,441.67,10.296
38.26,408.33,9.899
38.28,512.5,11.091
38.3,433.33,10.198
38.32,550,11.489
38.34,483.33,10.77
38.36,483.33,10.77
38.38,508.33,11.045
38.4,508.33,11.045
38.42,633.33,12.329
38.44,662.5,12.61
38.46,545.83,11.446
38.48,754.17,13.454
38.5,829.17,14.107
38.52,704.17,13
38.54,841.67,14.213
38.56,920.83,14.866
38.58,962.5,15.199
38.6,1241.67,17.263
38.62,1570.83,19.416
38.64,2375,23.875
38.66,3475,28.879
38.68,4900,34.293
38.7,6637.5,39.912
38.72,6800,40.398
38.74,7445.83,42.273
38.76,8445.83,45.022
38.78,10683.33,50.636
38.8,14458.33,58.907
38.82,24395.83,76.518
38.84,58700,118.693
38.86,73783.33,133.071
38.88,37454.17,94.81
38.9,82237.5,140.488
38.92,52258.33,111.991
38.94,44129.17,102.913
38.96,79391.67,138.036
38.98,103716.67,157.772
39,68337.5,128.066
39.02,29237.5,83.768
39.04,17062.5,63.992
39.06,11687.5,52.962
39.08,8708.33,45.717
39.1,6925,40.768
39.12,5329.17,35.763
39.14,4316.67,32.187
39.16,3858.33,30.43
39.18,2966.67,26.683
39.2,2116.67,22.539
39.22,1775,20.64
39.24,1279.17,17.521
39.26,1070.83,16.031
39.28,987.5,15.395
39.3,879.17,14.526
39.32,866.67,14.422
39.34,725,13.191
39.36,679.17,12.767
39.38,604.17,12.042
39.4,679.17,12.767
39.42,579.17,11.79
39.44,579.17,11.79
39.46,650,12.49
39.48,637.5,12.369
39.5,608.33,12.083
39.52,479.17,10.724
39.54,554.17,11.533
39.56,512.5,11.091
39.58,529.17,11.269
39.6,412.5,9.95
39.62,462.5,10.536
39.64,475,10.677
39.66,608.33,12.083
39.68,450,10.392
39.7,487.5,10.817
39.72,516.67,11.136
39.74,591.67,11.916
39.76,612.5,12.124
39.78,741.67,13.342
39.8,712.5,13.077
39.82,912.5,14.799
39.84,1470.83,18.788
39.86,2258.33,23.281
39.88,2145.83,22.694
39.9,1400,18.33
39.92,775,13.638
39.94,625,12.247
39.96,612.5,12.124
39.98,595.83,11.958
40,495.83,10.909
40.02,458.33,10.488
40.04,366.67,9.381
40.06,429.17,10.149
40.08,516.67,11.136
40.1,391.67,9.695
40.12,475,10.677
40.14,370.83,9.434
40.16,562.5,11.619
40.18,712.5,13.077
40.2,591.67,11.916
40.22,445.83,10.344
40.24,533.33,11.314
40.26,387.5,9.644
40.28,395.83,9.747
40.3,362.5,9.327
40.32,445.83,10.344
40.34,370.83,9.434
40.36,375,9.487
40.38,416.67,10
40.4,412.5,9.95
40.42,362.5,9.327
40.44,391.67,9.695
40.46,470.83,10.63
40.48,366.67,9.381
40.5,395.83,9.747
40.52,420.83,10.05
40.54,437.5,10.247
40.56,379.17,9.539
40.58,358.33,9.274
40.6,487.5,10.817
40.62,412.5,9.95
40.64,412.5,9.95
40.66,300,8.485
40.68,370.83,9.434
40.7,375,9.487
40.72,404.17,9.849
40.74,316.67,8.718
40.76,387.5,9.644
40.78,404.17,9.849
40.8,329.17,8.888
40.82,366.67,9.381
40.84,366.67,9.381
40.86,341.67,9.055
40.88,395.83,9.747
40.9,391.67,9.695
40.92,416.67,10
40.94,283.33,8.246
40.96,433.33,10.198
40.98,400,9.798
41,341.67,9.055
41.02,416.67,10
41.04,379.17,9.539
41.06,450,10.392
41.08,416.67,10
41.1,375,9.487
41.12,316.67,8.718
41.14,379.17,9.539
41.16,416.67,10
41.18,370.83,9.434
41.2,433.33,10.198
41.22,395.83,9.747
41.24,420.83,10.05
41.26,404.17,9.849
41.28,408.33,9.899
41.3,500,10.954
41.32,495.83,10.909
41.34,508.33,11.045
41.36,458.33,10.488
41.38,491.67,10.863
41.4,525,11.225
41.42,675,12.728
41.44,1066.67,16
41.46,1745.83,20.469
41.48,2537.5,24.678
41.5,3087.5,27.221
41.52,3262.5,27.982
41.54,3095.83,27.258
41.56,3358.33,28.39
41.58,4187.5,31.702
41.6,4950,34.467
41.62,7183.33,41.521
41.64,16387.5,62.714
41.66,71183.33,130.706
41.68,122070.83,171.164
41.7,69441.67,129.097
41.72,17087.5,64.039
41.74,11083.33,51.575
41.76,23029.17,74.344
41.78,55237.5,115.139
41.8,51045.83,110.684
41.82,17770.83,65.307
41.84,8020.83,43.875
41.86,5441.67,36.139
41.88,4154.17,31.575
41.9,2991.67,26.796
41.92,2404.17,24.021
41.94,2137.5,22.65
41.96,2079.17,22.338
41.98,1708.33,20.248
42,1129.17,16.462
42.02,979.17,15.33
42.04,691.67,12.884
42.06,525,11.225
42.08,475,10.677
42.1,429.17,10.149
42.12,325,8.832
42.14,458.33,10.488
42.16,383.33,9.592
42.18,350,9.165
42.2,275,8.124
42.22,362.5,9.327
42.24,375,9.487
42.26,366.67,9.381
42.28,300,8.485
42.3,275,8.124
42.32,275,8.124
42.34,212.5,7.141
42.36,325,8.832
42.38,300,8.485
42.4,245.83,7.681
42.42,250,7.746
42.44,254.17,7.81
42.46,241.67,7.616
42.48,233.33,7.483
42.5,320.83,8.775
42.52,241.67,7.616
42.54,208.33,7.071
42.56,250,7.746
42.58,270.83,8.062
42.6,208.33,7.071
42.62,187.5,6.708
42.64,129.17,5.568
42.66,200,6.928
42.68,208.33,7.071
42.7,204.17,7
42.72,187.5,6.708
42.74,175,6.481
42.76,191.67,6.782
42.78,183.33,6.633
42.8,145.83,5.916
42.82,195.83,6.856
42.84,204.17,7
42.86,129.17,5.568
42.88,158.33,6.164
42.9,191.67,6.782
42.92,141.67,5.831
42.94,158.33,6.164
42.96,170.83,6.403
42.98,120.83,5.385
43,208.33,7.071
43.02,125,5.477
43.04,158.33,6.164
43.06,183.33,6.633
43.08,116.67,5.292
43.1,141.67,5.831
43.12,116.67,5.292
43.14,145.83,5.916
43.16,125,5.477
43.18,150,6
43.2,158.33,6.164
43.22,133.33,5.657
43.24,100,4.899
43.26,120.83,5.385
43.28,120.83,5.385
43.3,162.5,6.245
43.32,95.83,4.796
43.34,125,5.477
43.36,133.33,5.657
43.38,108.33,5.099
43.4,112.5,5.196
43.42,87.5,4.583
43.44,154.17,6.083
43.46,125,5.477
43.48,100,4.899
43.5,125,5.477
43.52,95.83,4.796
43.54,129.17,5.568
43.56,116.67,5.292
43.58,100,4.899
43.6,141.67,5.831
43.62,95.83,4.796
43.64,108.33,5.099
43.66,112.5,5.196
43.68,91.67,4.69
43.7,137.5,5.745
43.72,125,5.477
43.74,75,4.243
43.76,100,4.899
43.78,91.67,4.69
43.8,104.17,5
43.82,104.17,5
43.84,112.5,5.196
43.86,91.67,4.69
43.88,87.5,4.583
43.9,112.5,5.196
43.92,95.83,4.796
43.94,91.67,4.69
43.96,91.67,4.69
43.98,75,4.243
44,129.17,5.568
44.02,125,5.477
44.04,95.83,4.796
44.06,70.83,4.123
44.08,133.33,5.657
44.1,87.5,4.583
44.12,104.17,5
44.14,112.5,5.196
44.16,95.83,4.796
44.18,87.5,4.583
44.2,87.5,4.583
44.22,100,4.899
44.24,83.33,4.472
44.26,70.83,4.123
44.28,83.33,4.472
44.3,54.17,3.606
44.32,83.33,4.472
44.34,41.67,3.162
44.36,70.83,4.123
44.38,66.67,4
44.4,62.5,3.873
44.42,79.17,4.359
44.44,62.5,3.873
44.46,79.17,4.359
44.48,75,4.243
44.5,66.67,4
44.52,91.67,4.69
44.54,75,4.243
44.56,79.17,4.359
44.58,54.17,3.606
44.6,33.33,2.828
44.62,66.67,4
44.64,75,4.243
44.66,54.17,3.606
44.68,58.33,3.742
44.7,70.83,4.123
44.72,70.83,4.123
44.74,62.5,3.873
44.76,58.33,3.742
44.78,25,2.449
44.8,83.33,4.472
44.82,50,3.464
44.84,45.83,3.317
44.86,79.17,4.359
44.88,37.5,3
44.9,66.67,4
44.92,37.5,3
44.94,58.33,3.742
44.96,45.83,3.317
44.98,41.67,3.162
45,37.5,3
45.02,50,3.464
45.04,45.83,3.317
45.06,75,4.243
45.08,29.17,2.646
45.1,54.17,3.606
45.12,54.17,3.606
45.14,45.83,3.317
45.16,25,2.449
45.18,8.33,1.414
45.2,37.5,3
45.22,54.17,3.606
45.24,45.83,3.317
45.26,50,3.464
45.28,33.33,2.828
45.3,45.83,3.317
45.32,25,2.449
45.34,20.83,2.236
45.36,12.5,1.732
45.38,41.67,3.162
45.4,45.83,3.317
45.42,29.17,2.646
45.44,12.5,1.732
45.46,25,2.449
45.48,16.67,2
45.5,16.67,2
45.52,41.67,3.162
45.54,25,2.449
45.56,20.83,2.236
45.58,12.5,1.732
45.6,20.83,2.236
45.62,62.5,3.873
45.64,16.67,2
45.66,20.83,2.236
45.68,37.5,3
45.7,54.17,3.606
45.72,12.5,1.732
45.74,20.83,2.236
45.76,12.5,1.732
45.78,12.5,1.732
45.8,12.5,1.732
45.82,4.17,1
45.84,20.83,2.236
45.86,16.67,2
45.88,8.33,1.414
45.9,25,2.449
45.92,25,2.449
45.94,12.5,1.732
45.96,0,0
45.98,12.5,1.732
46,16.67,2
46.02,20.83,2.236
46.04,8.33,1.414
46.06,25,2.449
46.08,16.67,2
46.1,12.5,1.732
46.12,20.83,2.236
46.14,0,0
46.16,8.33,1.414
46.18,16.67,2
46.2,16.67,2
46.22,12.5,1.732
46.24,16.67,2
46.26,16.67,2
46.28,16.67,2
46.3,12.5,1.732
46.32,16.67,2
46.34,4.17,1
46.36,8.33,1.414
46.38,12.5,1.732
46.4,16.67,2
46.42,4.17,1
46.44,0,0
46.46,16.67,2
46.48,16.67,2
46.5,8.33,1.414
46.52,4.17,1
46.54,4.17,1
46.56,12.5,1.732
46.58,45.83,3.317
46.6,8.33,1.414
46.62,8.33,1.414
46.64,4.17,1
46.66,8.33,1.414
46.68,8.33,1.414
46.7,12.5,1.732
46.72,4.17,1
46.74,20.83,2.236
46.76,4.17,1
46.78,0,0
46.8,0,0
46.82,0,0
46.84,4.17,1
46.86,8.33,1.414
46.88,4.17,1
46.9,4.17,1
46.92,12.5,1.732
46.94,8.33,1.414
46.96,4.17,1
46.98,4.17,1
47,12.5,1.732
47.02,8.33,1.414
47.04,12.5,1.732
47.06,0,0
47.08,8.33,1.414
47.1,16.67,2
47.12,4.17,1
47.14,0,0
47.16,8.33,1.414
47.18,12.5,1.732
47.2,4.17,1
47.22,8.33,1.414
47.24,16.67,2
47.26,16.67,2
47.28,8.33,1.414
47.3,4.17,1
47.32,12.5,1.732
47.34,4.17,1
47.36,8.33,1.414
47.38,4.17,1
47.4,12.5,1.732
47.42,20.83,2.236
47.44,12.5,1.732
47.46,16.67,2
47.48,8.33,1.414
47.5,16.67,2
47.52,0,0
47.54,8.33,1.414
47.56,25,2.449
47.58,4.17,1
47.6,12.5,1.732
47.62,4.17,1
47.64,4.17,1
47.66,8.33,1.414
47.68,12.5,1.732
47.7,8.33,1.414
47.72,12.5,1.732
47.74,8.33,1.414
47.76,8.33,1.414
47.78,20.83,2.236
47.8,12.5,1.732
47.82,0,0
47.84,12.5,1.732
47.86,4.17,1
47.88,8.33,1.414
47.9,16.67,2
47.92,0,0
47.94,8.33,1.414
47.96,4.17,1
47.98,4.17,1
48,0,0
48.02,4.17,1
48.04,20.83,2.236
48.06,12.5,1.732
48.08,4.17,1
48.1,8.33,1.414
48.12,4.17,1
48.14,4.17,1
48.16,8.33,1.414
48.18,12.5,1.732
48.2,8.33,1.414
48.22,8.33,1.414
48.24,8.33,1.414
48.26,8.33,1.414
48.28,0,0
48.3,8.33,1.414
48.32,16.67,2
48.34,4.17,1
48.36,16.67,2
48.38,12.5,1.732
48.4,8.33,1.414
48.42,0,0
48.44,8.33,1.414
48.46,8.33,1.414
48.48,8.33,1.414
48.5,0,0
48.52,25,2.449
48.54,4.17,1
48.56,4.17,1
48.58,4.17,1
48.6,20.83,2.236
48.62,12.5,1.732
48.64,16.67,2
48.66,4.17,1
48.68,4.17,1
48.7,8.33,1.414
48.72,4.17,1
48.74,4.17,1
48.76,16.67,2
48.78,0,0
48.8,0,0
48.82,4.17,1
48.84,12.5,1.732
48.86,8.33,1.414
48.88,4.17,1
48.9,16.67,2
48.92,12.5,1.732
48.94,0,0
48.96,8.33,1.414
48.98,4.17,1
49,8.33,1.414
49.02,16.67,2
49.04,4.17,1
49.06,20.83,2.236
49.08,8.33,1.414
49.1,16.67,2
49.12,12.5,1.732
49.14,8.33,1.414
49.16,29.17,2.646
49.18,8.33,1.414
49.2,4.17,1
49.22,12.5,1.732
49.24,12.5,1.732
49.26,8.33,1.414
49.28,8.33,1.414
49.3,4.17,1
49.32,20.83,2.236
49.34,0,0
49.36,25,2.449
49.38,12.5,1.732
49.4,8.33,1.414
49.42,8.33,1.414
49.44,12.5,1.732
49.46,12.5,1.732
49.48,12.5,1.732
49.5,16.67,2
49.52,12.5,1.732
49.54,0,0
49.56,8.33,1.414
49.58,0,0
49.6,12.5,1.732
49.62,8.33,1.414
49.64,4.17,1
49.66,4.17,1
49.68,16.67,2
49.7,8.33,1.414
49.72,20.83,2.236
49.74,4.17,1
49.76,12.5,1.732
49.78,12.5,1.732
49.8,8.33,1.414
49.82,20.83,2.236
49.84,8.33,1.414
49.86,8.33,1.414
49.88,0,0
49.9,0,0
49.92,8.33,1.414
49.94,4.17,1
49.96,4.17,1
49.98,4.17,1
50,12.5,1.732
50.02,0,0
50.04,16.67,2
50.06,12.5,1.732
50.08,8.33,1.414
50.1,8.33,1.414
50.12,8.33,1.414
50.14,8.33,1.414
50.16,4.17,1
50.18,4.17,1
50.2,12.5,1.732
50.22,8.33,1.414
50.24,25,2.449
50.26,4.17,1
50.28,0,0
50.3,4.17,1
50.32,4.17,1
50.34,8.33,1.414
50.36,0,0
50.38,4.17,1
50.4,12.5,1.732
50.42,16.67,2
50.44,8.33,1.414
50.46,4.17,1
50.48,4.17,1
50.5,4.17,1
50.52,12.5,1.732
50.54,4.17,1
50.56,4.17,1
50.58,8.33,1.414
50.6,8.33,1.414
50.62,8.33,1.414
50.64,8.33,1.414
50.66,8.33,1.414
50.68,8.33,1.414
50.7,4.17,1
50.72,8.33,1.414
50.74,8.33,1.414
50.76,0,0
50.78,0,0
50.8,8.33,1.414
50.82,4.17,1
50.84,4.17,1
50.86,12.5,1.732
50.88,12.5,1.732
50.9,4.17,1
50.92,4.17,1
50.94,12.5,1.732
50.96,8.33,1.414
50.98,4.17,1
51,4.17,1
51.02,8.33,1.414
51.04,16.67,2
51.06,8.33,1.414
51.08,0,0
51.1,4.17,1
51.12,4.17,1
51.14,8.33,1.414
51.16,8.33,1.414
51.18,0,0
51.2,0,0
51.22,0,0
51.24,12.5,1.732
51.26,0,0
51.28,12.5,1.732
51.3,4.17,1
51.32,8.33,1.414
51.34,4.17,1
51.36,4.17,1
51.38,0,0
51.4,8.33,1.414
51.42,4.17,1
51.44,8.33,1.414
51.46,0,0
51.48,4.17,1
51.5,12.5,1.732
51.52,8.33,1.414
51.54,4.17,1
51.56,8.33,1.414
51.58,0,0
51.6,8.33,1.414
51.62,16.67,2
51.64,4.17,1
51.66,4.17,1
51.68,4.17,1
51.7,20.83,2.236
51.72,12.5,1.732
51.74,4.17,1
51.76,12.5,1.732
51.78,4.17,1
51.8,29.17,2.646
51.82,4.17,1
51.84,12.5,1.732
51.86,12.5,1.732
51.88,16.67,2
51.9,12.5,1.732
51.92,4.17,1
51.94,20.83,2.236
51.96,4.17,1
51.98,4.17,1
52,4.17,1
52.02,16.67,2
52.04,0,0
52.06,4.17,1
52.08,12.5,1.732
52.1,8.33,1.414
52.12,4.17,1
52.14,8.33,1.414
52.16,12.5,1.732
52.18,8.33,1.414
52.2,4.17,1
52.22,0,0
52.24,8.33,1.414
52.26,0,0
52.28,4.17,1
52.3,0,0
52.32,4.17,1
52.34,4.17,1
52.36,12.5,1.732
52.38,16.67,2
52.4,0,0
52.42,4.17,1
52.44,12.5,1.732
52.46,8.33,1.414
52.48,4.17,1
52.5,0,0
52.52,0,0
52.54,12.5,1.732
52.56,4.17,1
52.58,0,0
52.6,12.5,1.732
52.62,8.33,1.414
52.64,12.5,1.732
52.66,4.17,1
52.68,0,0
52.7,4.17,1
52.72,4.17,1
52.74,4.17,1
52.76,0,0
52.78,0,0
52.8,4.17,1
52.82,4.17,1
52.84,12.5,1.732
52.86,4.17,1
52.88,4.17,1
52.9,16.67,2
52.92,4.17,1
52.94,0,0
52.96,12.5,1.732
52.98,8.33,1.414
53,0,0
53.02,12.5,1.732
53.04,12.5,1.732
53.06,12.5,1.732
53.08,0,0
53.1,12.5,1.732
53.12,12.5,1.732
53.14,8.33,1.414
53.16,0,0
53.18,8.33,1.414
53.2,4.17,1
53.22,4.17,1
53.24,4.17,1
53.26,25,2.449
53.28,12.5,1.732
53.3,12.5,1.732
53.32,4.17,1
53.34,4.17,1
53.36,16.67,2
53.38,16.67,2
53.4,25,2.449
53.42,12.5,1.732
53.44,4.17,1
53.46,8.33,1.414
53.48,4.17,1
53.5,12.5,1.732
53.52,8.33,1.414
53.54,16.67,2
53.56,66.67,4
53.58,95.83,4.796
53.6,75,4.243
53.62,200,6.928
53.64,112.5,5.196
53.66,91.67,4.69
53.68,33.33,2.828
53.7,41.67,3.162
53.72,29.17,2.646
53.74,25,2.449
53.76,29.17,2.646
53.78,20.83,2.236
53.8,16.67,2
53.82,8.33,1.414
53.84,4.17,1
53.86,8.33,1.414
53.88,12.5,1.732
53.9,16.67,2
53.92,8.33,1.414
53.94,4.17,1
53.96,4.17,1
53.98,0,0
54,12.5,1.732
54.02,0,0
54.04,0,0
54.06,8.33,1.414
54.08,25,2.449
54.1,4.17,1
54.12,0,0
54.14,4.17,1
54.16,8.33,1.414
54.18,4.17,1
54.2,0,0
54.22,8.33,1.414
54.24,0,0
54.26,4.17,1
54.28,4.17,1
54.3,8.33,1.414
54.32,4.17,1
54.34,8.33,1.414
54.36,8.33,1.414
54.38,0,0
54.4,8.33,1.414
54.42,8.33,1.414
54.44,0,0
54.46,0,0
54.48,4.17,1
54.5,8.33,1.414
54.52,4.17,1
54.54,16.67,2
54.56,16.67,2
54.58,8.33,1.414
54.6,4.17,1
54.62,0,0
54.64,12.5,1.732
54.66,16.67,2
54.68,16.67,2
54.7,8.33,1.414
54.72,8.33,1.414
54.74,16.67,2
54.76,4.17,1
54.78,0,0
54.8,12.5,1.732
54.82,4.17,1
54.84,0,0
54.86,12.5,1.732
54.88,8.33,1.414
54.9,8.33,1.414
54.92,8.33,1.414
54.94,4.17,1
54.96,25,2.449
54.98,12.5,1.732
55,8.33,1.414
55.02,12.5,1.732
55.04,4.17,1
55.06,8.33,1.414
55.08,4.17,1
55.1,8.33,1.414
55.12,16.67,2
55.14,25,2.449
55.16,4.17,1
55.18,8.33,1.414
55.2,8.33,1.414
55.22,4.17,1
55.24,4.17,1
55.26,8.33,1.414
55.28,20.83,2.236
55.3,0,0
55.32,0,0
55.34,8.33,1.414
55.36,4.17,1
55.38,16.67,2
55.4,4.17,1
55.42,8.33,1.414
55.44,25,2.449
55.46,4.17,1
55.48,4.17,1
55.5,0,0
55.52,8.33,1.414
55.54,16.67,2
55.56,0,0
55.58,0,0
55.6,16.67,2
55.62,4.17,1
55.64,12.5,1.732
55.66,20.83,2.236
55.68,16.67,2
55.7,0,0
55.72,20.83,2.236
55.74,8.33,1.414
55.76,8.33,1.414
55.78,16.67,2
55.8,8.33,1.414
55.82,12.5,1.732
55.84,16.67,2
55.86,20.83,2.236
55.88,16.67,2
55.9,16.67,2
55.92,8.33,1.414
55.94,8.33,1.414
55.96,4.17,1
55.98,16.67,2
56,33.33,2.828
56.02,20.83,2.236
56.04,25,2.449
56.06,29.17,2.646
56.08,20.83,2.236
56.1,29.17,2.646
56.12,20.83,2.236
56.14,16.67,2
56.16,20.83,2.236
56.18,16.67,2
56.2,33.33,2.828
56.22,12.5,1.732
56.24,20.83,2.236
56.26,12.5,1.732
56.28,25,2.449
56.3,33.33,2.828
56.32,16.67,2
56.34,12.5,1.732
56.36,29.17,2.646
56.38,41.67,3.162
56.4,33.33,2.828
56.42,25,2.449
56.44,41.67,3.162
56.46,41.67,3.162
56.48,29.17,2.646
56.5,50,3.464
56.52,12.5,1.732
56.54,54.17,3.606
56.56,20.83,2.236
56.58,20.83,2.236
56.6,29.17,2.646
56.62,37.5,3
56.64,29.17,2.646
56.66,41.67,3.162
56.68,37.5,3
56.7,54.17,3.606
56.72,29.17,2.646
56.74,33.33,2.828
56.76,58.33,3.742
56.78,66.67,4
56.8,41.67,3.162
56.82,33.33,2.828
56.84,41.67,3.162
56.86,70.83,4.123
56.88,104.17,5
56.9,79.17,4.359
56.92,83.33,4.472
56.94,87.5,4.583
56.96,112.5,5.196
56.98,179.17,6.557
57,62.5,3.873
57.02,191.67,6.782
57.04,266.67,8
57.06,308.33,8.602
57.08,400,9.798
57.1,600,12
57.12,775,13.638
57.14,1137.5,16.523
57.16,1279.17,17.521
57.18,1020.83,15.652
57.2,883.33,14.56
57.22,529.17,11.269
57.24,395.83,9.747
57.26,237.5,7.55
57.28,233.33,7.483
57.3,195.83,6.856
57.32,179.17,6.557
57.34,129.17,5.568
57.36,141.67,5.831
57.38,145.83,5.916
57.4,87.5,4.583
57.42,112.5,5.196
57.44,104.17,5
57.46,145.83,5.916
57.48,87.5,4.583
57.5,120.83,5.385
57.52,104.17,5
57.54,83.33,4.472
57.56,162.5,6.245
57.58,166.67,6.325
57.6,237.5,7.55
57.62,237.5,7.55
57.64,287.5,8.307
57.66,241.67,7.616
57.68,150,6
57.7,166.67,6.325
57.72,100,4.899
57.74,112.5,5.196
57.76,100,4.899
57.78,91.67,4.69
57.8,104.17,5
57.82,79.17,4.359
57.84,125,5.477
57.86,100,4.899
57.88,79.17,4.359
57.9,87.5,4.583
57.92,116.67,5.292
57.94,95.83,4.796
57.96,100,4.899
57.98,75,4.243
58,100,4.899
58.02,108.33,5.099
58.04,83.33,4.472
58.06,95.83,4.796
58.08,83.33,4.472
58.1,83.33,4.472
58.12,137.5,5.745
58.14,104.17,5
58.16,66.67,4
58.18,66.67,4
58.2,141.67,5.831
58.22,141.67,5.831
58.24,95.83,4.796
58.26,91.67,4.69
58.28,129.17,5.568
58.3,100,4.899
58.32,116.67,5.292
58.34,104.17,5
58.36,91.67,4.69
58.38,141.67,5.831
58.4,133.33,5.657
58.42,133.33,5.657
58.44,154.17,6.083
58.46,100,4.899
58.48,112.5,5.196
58.5,129.17,5.568
58.52,100,4.899
58.54,87.5,4.583
58.56,87.5,4.583
58.58,137.5,5.745
58.6,70.83,4.123
58.62,108.33,5.099
58.64,112.5,5.196
58.66,129.17,5.568
58.68,75,4.243
58.7,162.5,6.245
58.72,137.5,5.745
58.74,120.83,5.385
58.76,170.83,6.403
58.78,112.5,5.196
58.8,104.17,5
58.82,112.5,5.196
58.84,150,6
58.86,112.5,5.196
58.88,200,6.928
58.9,137.5,5.745
58.92,162.5,6.245
58.94,133.33,5.657
58.96,158.33,6.164
58.98,104.17,5
59,158.33,6.164
59.02,154.17,6.083
59.04,129.17,5.568
59.06,137.5,5.745
59.08,183.33,6.633
59.1,187.5,6.708
59.12,179.17,6.557
59.14,150,6
59.16,125,5.477
59.18,183.33,6.633
59.2,170.83,6.403
59.22,150,6
59.24,158.33,6.164
59.26,162.5,6.245
59.28,237.5,7.55
59.3,229.17,7.416
59.32,225,7.348
59.34,237.5,7.55
59.36,283.33,8.246
59.38,283.33,8.246
59.4,300,8.485
59.42,216.67,7.211
59.44,312.5,8.66
59.46,362.5,9.327
59.48,337.5,9
59.5,458.33,10.488
59.52,570.83,11.705
59.54,629.17,12.288
59.56,770.83,13.601
59.58,895.83,14.663
59.6,1133.33,16.492
59.62,1054.17,15.906
59.64,1504.17,19
59.66,1770.83,20.616
59.68,2525,24.617
59.7,2908.33,26.42
59.72,3416.67,28.636
59.74,3666.67,29.665
59.76,4566.67,33.106
59.78,5595.83,36.647
59.8,7808.33,43.29
59.82,12891.67,55.624
59.84,23083.33,74.431
59.86,46316.67,105.432
59.88,67575,127.35
59.9,63741.67,123.685
59.92,37358.33,94.689
59.94,20225,69.671
59.96,13287.5,56.471
59.98,11979.17,53.619
60,15541.67,61.074
60.02,24337.5,76.426
60.04,34445.83,90.923
60.06,34754.17,91.329
60.08,23758.33,75.512
60.1,13370.83,56.648
60.12,7845.83,43.394
60.14,4812.5,33.985
60.16,3833.33,30.332
60.18,3016.67,26.907
60.2,2620.83,25.08
60.22,2237.5,23.173
60.24,1733.33,20.396
60.26,1525,19.131
60.28,1133.33,16.492
60.3,933.33,14.967
60.32,658.33,12.57
60.34,608.33,12.083
60.36,604.17,12.042
60.38,495.83,10.909
60.4,420.83,10.05
60.42,416.67,10
60.44,404.17,9.849
60.46,300,8.485
60.48,337.5,9
60.5,320.83,8.775
60.52,291.67,8.367
60.54,275,8.124
60.56,229.17,7.416
60.58,225,7.348
60.6,225,7.348
60.62,195.83,6.856
60.64,258.33,7.874
60.66,212.5,7.141
60.68,241.67,7.616
60.7,158.33,6.164
60.72,166.67,6.325
60.74,179.17,6.557
60.76,170.83,6.403
60.78,216.67,7.211
60.8,191.67,6.782
60.82,183.33,6.633
60.84,175,6.481
60.86,195.83,6.856
60.88,145.83,5.916
60.9,125,5.477
60.92,133.33,5.657
60.94,208.33,7.071
60.96,116.67,5.292
60.98,141.67,5.831
61,179.17,6.557
61.02,133.33,5.657
61.04,120.83,5.385
61.06,137.5,5.745
61.08,162.5,6.245
61.1,120.83,5.385
61.12,95.83,4.796
61.14,95.83,4.796
61.16,108.33,5.099
61.18,158.33,6.164
61.2,129.17,5.568
61.22,83.33,4.472
61.24,145.83,5.916
61.26,158.33,6.164
61.28,95.83,4.796
61.3,79.17,4.359
61.32,100,4.899
61.34,150,6
61.36,108.33,5.099
61.38,104.17,5
61.4,129.17,5.568
61.42,83.33,4.472
61.44,125,5.477
61.46,108.33,5.099
61.48,95.83,4.796
61.5,108.33,5.099
61.52,133.33,5.657
61.54,104.17,5
61.56,108.33,5.099
61.58,104.17,5
61.6,100,4.899
61.62,112.5,5.196
61.64,137.5,5.745
61.66,150,6
61.68,91.67,4.69
61.7,108.33,5.099
61.72,83.33,4.472
61.74,108.33,5.099
61.76,75,4.243
61.78,58.33,3.742
61.8,70.83,4.123
61.82,112.5,5.196
61.84,87.5,4.583
61.86,91.67,4.69
61.88,87.5,4.583
61.9,79.17,4.359
61.92,100,4.899
61.94,79.17,4.359
61.96,75,4.243
61.98,75,4.243
62,100,4.899
62.02,91.67,4.69
62.04,95.83,4.796
62.06,79.17,4.359
62.08,116.67,5.292
62.1,75,4.243
62.12,112.5,5.196
62.14,95.83,4.796
62.16,87.5,4.583
62.18,66.67,4
62.2,87.5,4.583
62.22,62.5,3.873
62.24,87.5,4.583
62.26,91.67,4.69
62.28,104.17,5
62.3,66.67,4
62.32,87.5,4.583
62.34,79.17,4.359
62.36,116.67,5.292
62.38,70.83,4.123
62.4,100,4.899
62.42,66.67,4
62.44,91.67,4.69
62.46,116.67,5.292
62.48,70.83,4.123
62.5,87.5,4.583
62.52,75,4.243
62.54,95.83,4.796
62.56,75,4.243
62.58,70.83,4.123
62.6,79.17,4.359
62.62,62.5,3.873
62.64,83.33,4.472
62.66,95.83,4.796
62.68,70.83,4.123
62.7,70.83,4.123
62.72,95.83,4.796
62.74,58.33,3.742
62.76,75,4.243
62.78,95.83,4.796
62.8,66.67,4
62.82,50,3.464
62.84,83.33,4.472
62.86,83.33,4.472
62.88,58.33,3.742
62.9,70.83,4.123
62.92,108.33,5.099
62.94,62.5,3.873
62.96,75,4.243
62.98,75,4.243
63,70.83,4.123
63.02,79.17,4.359
63.04,87.5,4.583
63.06,41.67,3.162
63.08,95.83,4.796
63.1,66.67,4
63.12,83.33,4.472
63.14,54.17,3.606
63.16,75,4.243
63.18,79.17,4.359
63.2,91.67,4.69
63.22,62.5,3.873
63.24,83.33,4.472
63.26,50,3.464
63.28,79.17,4.359
63.3,95.83,4.796
63.32,50,3.464
63.34,83.33,4.472
63.36,62.5,3.873
63.38,45.83,3.317
63.4,70.83,4.123
63.42,70.83,4.123
63.44,75,4.243
63.46,20.83,2.236
63.48,87.5,4.583
63.5,50,3.464
63.52,62.5,3.873
63.54,79.17,4.359
63.56,54.17,3.606
63.58,33.33,2.828
63.6,91.67,4.69
63.62,50,3.464
63.64,62.5,3.873
63.66,37.5,3
63.68,58.33,3.742
63.7,70.83,4.123
63.72,66.67,4
63.74,87.5,4.583
63.76,58.33,3.742
63.78,79.17,4.359
63.8,50,3.464
63.82,62.5,3.873
63.84,62.5,3.873
63.86,33.33,2.828
63.88,41.67,3.162
63.9,58.33,3.742
63.92,70.83,4.123
63.94,37.5,3
63.96,58.33,3.742
63.98,58.33,3.742
64,54.17,3.606
64.02,58.33,3.742
64.04,54.17,3.606
64.06,58.33,3.742
64.08,62.5,3.873
64.1,45.83,3.317
64.12,54.17,3.606
64.14,45.83,3.317
64.16,25,2.449
64.18,25,2.449
64.2,50,3.464
64.22,45.83,3.317
64.24,37.5,3
64.26,37.5,3
64.28,45.83,3.317
64.3,54.17,3.606
64.32,20.83,2.236
64.34,41.67,3.162
64.36,41.67,3.162
64.38,54.17,3.606
64.4,33.33,2.828
64.42,25,2.449
64.44,58.33,3.742
64.46,41.67,3.162
64.48,45.83,3.317
64.5,91.67,4.69
64.52,70.83,4.123
64.54,41.67,3.162
64.56,33.33,2.828
64.58,41.67,3.162
64.6,37.5,3
64.62,58.33,3.742
64.64,33.33,2.828
64.66,29.17,2.646
64.68,58.33,3.742
64.7,45.83,3.317
64.72,54.17,3.606
64.74,45.83,3.317
64.76,41.67,3.162
64.78,29.17,2.646
64.8,29.17,2.646
64.82,45.83,3.317
64.84,33.33,2.828
64.86,37.5,3
64.88,45.83,3.317
64.9,12.5,1.732
64.92,20.83,2.236
64.94,25,2.449
64.96,20.83,2.236
64.98,41.67,3.162
65,37.5,3
65.02,29.17,2.646
65.04,12.5,1.732
65.06,12.5,1.732
65.08,16.67,2
65.1,41.67,3.162
65.12,29.17,2.646
65.14,25,2.449
65.16,25,2.449
65.18,41.67,3.162
65.2,41.67,3.162
65.22,8.33,1.414
65.24,41.67,3.162
65.26,29.17,2.646
65.28,20.83,2.236
65.3,12.5,1.732
65.32,16.67,2
65.34,12.5,1.732
65.36,16.67,2
65.38,16.67,2
65.4,12.5,1.732
65.42,37.5,3
65.44,16.67,2
65.46,20.83,2.236
65.48,16.67,2
65.5,12.5,1.732
65.52,33.33,2.828
65.54,16.67,2
65.56,20.83,2.236
65.58,16.67,2
65.6,20.83,2.236
65.62,16.67,2
65.64,20.83,2.236
65.66,29.17,2.646
65.68,8.33,1.414
65.7,16.67,2
65.72,29.17,2.646
65.74,4.17,1
65.76,29.17,2.646
65.78,16.67,2
65.8,20.83,2.236
65.82,16.67,2
65.84,37.5,3
65.86,25,2.449
65.88,25,2.449
65.9,37.5,3
65.92,33.33,2.828
65.94,16.67,2
65.96,16.67,2
65.98,8.33,1.414
66,20.83,2.236
66.02,33.33,2.828
66.04,12.5,1.732
66.06,12.5,1.732
66.08,16.67,2
66.1,4.17,1
66.12,20.83,2.236
66.14,16.67,2
66.16,8.33,1.414
66.18,16.67,2
66.2,8.33,1.414
66.22,16.67,2
66.24,4.17,1
66.26,12.5,1.732
66.28,12.5,1.732
66.3,12.5,1.732
66.32,12.5,1.732
66.34,4.17,1
66.36,25,2.449
66.38,8.33,1.414
66.4,8.33,1.414
66.42,4.17,1
66.44,8.33,1.414
66.46,4.17,1
66.48,8.33,1.414
66.5,4.17,1
66.52,4.17,1
66.54,0,0
66.56,4.17,1
66.58,0,0
66.6,12.5,1.732
66.62,8.33,1.414
66.64,0,0
66.66,0,0
66.68,20.83,2.236
66.7,8.33,1.414
66.72,20.83,2.236
66.74,16.67,2
66.76,8.33,1.414
66.78,0,0
66.8,8.33,1.414
66.82,8.33,1.414
66.84,0,0
66.86,4.17,1
66.88,0,0
66.9,8.33,1.414
66.92,16.67,2
66.94,4.17,1
66.96,0,0
66.98,12.5,1.732
67,4.17,1
67.02,4.17,1
67.04,8.33,1.414
67.06,12.5,1.732
67.08,12.5,1.732
67.1,0,0
67.12,0,0
67.14,0,0
67.16,8.33,1.414
67.18,4.17,1
67.2,0,0
67.22,16.67,2
67.24,12.5,1.732
67.26,4.17,1
67.28,12.5,1.732
67.3,4.17,1
67.32,4.17,1
67.34,16.67,2
67.36,4.17,1
67.38,8.33,1.414
67.4,8.33,1.414
67.42,0,0
67.44,4.17,1
67.46,12.5,1.732
67.48,4.17,1
67.5,8.33,1.414
67.52,16.67,2
67.54,0,0
67.56,4.17,1
67.58,4.17,1
67.6,4.17,1
67.62,4.17,1
67.64,0,0
67.66,8.33,1.414
67.68,4.17,1
67.7,0,0
67.72,4.17,1
67.74,0,0
67.76,4.17,1
67.78,12.5,1.732
67.8,0,0
67.82,4.17,1
67.84,12.5,1.732
67.86,0,0
67.88,8.33,1.414
67.9,12.5,1.732
67.92,8.33,1.414
67.94,8.33,1.414
67.96,8.33,1.414
67.98,4.17,1
68,4.17,1
68.02,8.33,1.414
68.04,4.17,1
68.06,12.5,1.732
68.08,8.33,1.414
68.1,0,0
68.12,8.33,1.414
68.14,25,2.449
68.16,12.5,1.732
68.18,12.5,1.732
68.2,8.33,1.414
68.22,4.17,1
68.24,12.5,1.732
68.26,12.5,1.732
68.28,8.33,1.414
68.3,12.5,1.732
68.32,8.33,1.414
68.34,0,0
68.36,4.17,1
68.38,0,0
68.4,0,0
68.42,0,0
68.44,0,0
68.46,12.5,1.732
68.48,4.17,1
68.5,4.17,1
68.52,4.17,1
68.54,4.17,1
68.56,8.33,1.414
68.58,4.17,1
68.6,4.17,1
68.62,4.17,1
68.64,0,0
68.66,4.17,1
68.68,4.17,1
68.7,0,0
68.72,8.33,1.414
68.74,4.17,1
68.76,4.17,1
68.78,12.5,1.732
68.8,16.67,2
68.82,4.17,1
68.84,8.33,1.414
68.86,0,0
68.88,16.67,2
68.9,16.67,2
68.92,4.17,1
68.94,0,0
68.96,0,0
68.98,0,0
69,12.5,1.732
69.02,4.17,1
69.04,4.17,1
69.06,20.83,2.236
69.08,12.5,1.732
69.1,4.17,1
69.12,8.33,1.414
69.14,4.17,1
69.16,0,0
69.18,0,0
69.2,0,0
69.22,16.67,2
69.24,4.17,1
69.26,12.5,1.732
69.28,16.67,2
69.3,0,0
69.32,16.67,2
69.34,0,0
69.36,0,0
69.38,4.17,1
69.4,8.33,1.414
69.42,8.33,1.414
69.44,0,0
69.46,0,0
69.48,12.5,1.732
69.5,0,0
69.52,12.5,1.732
69.54,0,0
69.56,8.33,1.414
69.58,16.67,2
69.6,8.33,1.414
69.62,0,0
69.64,4.17,1
69.66,4.17,1
69.68,8.33,1.414
69.7,4.17,1
69.72,4.17,1
69.74,4.17,1
69.76,0,0
69.78,12.5,1.732
69.8,20.83,2.236
69.82,0,0
69.84,0,0
69.86,12.5,1.732
69.88,4.17,1
69.9,12.5,1.732
69.92,4.17,1
69.94,0,0
69.96,4.17,1
69.98,4.17,1
70,12.5,1.732
70.02,8.33,1.414
70.04,8.33,1.414
70.06,20.83,2.236
70.08,0,0
70.1,8.33,1.414
70.12,12.5,1.732
70.14,4.17,1
70.16,0,0
70.18,12.5,1.732
70.2,8.33,1.414
70.22,12.5,1.732
70.24,8.33,1.414
70.26,12.5,1.732
70.28,0,0
70.3,8.33,1.414
70.32,0,0
70.34,4.17,1
70.36,4.17,1
70.38,12.5,1.732
70.4,0,0
70.42,12.5,1.732
70.44,0,0
70.46,4.17,1
70.48,0,0
70.5,0,0
70.52,4.17,1
70.54,12.5,1.732
70.56,0,0
70.58,4.17,1
70.6,8.33,1.414
70.62,0,0
70.64,4.17,1
70.66,4.17,1
70.68,0,0
70.7,4.17,1
70.72,4.17,1
70.74,0,0
70.76,0,0
70.78,4.17,1
70.8,8.33,1.414
70.82,4.17,1
70.84,4.17,1
70.86,8.33,1.414
70.88,20.83,2.236
70.9,0,0
70.92,0,0
70.94,4.17,1
70.96,4.17,1
70.98,4.17,1
71,8.33,1.414
71.02,4.17,1
71.04,4.17,1
71.06,4.17,1
71.08,0,0
71.1,12.5,1.732
71.12,4.17,1
71.14,12.5,1.732
71.16,12.5,1.732
71.18,12.5,1.732
71.2,0,0
71.22,8.33,1.414
71.24,12.5,1.732
71.26,0,0
71.28,8.33,1.414
71.3,12.5,1.732
71.32,12.5,1.732
71.34,4.17,1
71.36,12.5,1.732
71.38,8.33,1.414
71.4,0,0
71.42,4.17,1
71.44,4.17,1
71.46,4.17,1
71.48,0,0
71.5,4.17,1
71.52,8.33,1.414
71.54,8.33,1.414
71.56,4.17,1
71.58,12.5,1.732
71.6,0,0
71.62,0,0
71.64,0,0
71.66,8.33,1.414
71.68,0,0
71.7,4.17,1
71.72,4.17,1
71.74,8.33,1.414
71.76,4.17,1
71.78,8.33,1.414
71.8,0,0
71.82,4.17,1
71.84,0,0
71.86,0,0
71.88,4.17,1
71.9,12.5,1.732
71.92,12.5,1.732
71.94,0,0
71.96,12.5,1.732
71.98,4.17,1
72,8.33,1.414
72.02,0,0
72.04,0,0
72.06,4.17,1
72.08,4.17,1
72.1,4.17,1
72.12,0,0
72.14,0,0
72.16,4.17,1
72.18,0,0
72.2,4.17,1
72.22,8.33,1.414
72.24,4.17,1
72.26,0,0
72.28,12.5,1.732
72.3,8.33,1.414
72.32,0,0
72.34,0,0
72.36,4.17,1
72.38,12.5,1.732
72.4,4.17,1
72.42,0,0
72.44,0,0
72.46,12.5,1.732
72.48,8.33,1.414
72.5,12.5,1.732
72.52,20.83,2.236
72.54,4.17,1
72.56,8.33,1.414
72.58,4.17,1
72.6,20.83,2.236
72.62,50,3.464
72.64,29.17,2.646
72.66,4.17,1
72.68,4.17,1
72.7,12.5,1.732
72.72,4.17,1
72.74,4.17,1
72.76,0,0
72.78,12.5,1.732
72.8,0,0
72.82,8.33,1.414
72.84,8.33,1.414
72.86,8.33,1.414
72.88,12.5,1.732
72.9,8.33,1.414
72.92,0,0
72.94,4.17,1
72.96,0,0
72.98,0,0
73,4.17,1
73.02,4.17,1
73.04,4.17,1
73.06,4.17,1
73.08,0,0
73.1,4.17,1
73.12,0,0
73.14,12.5,1.732
73.16,0,0
73.18,4.17,1
73.2,8.33,1.414
73.22,8.33,1.414
73.24,0,0
73.26,12.5,1.732
73.28,4.17,1
73.3,8.33,1.414
73.32,0,0
73.34,0,0
73.36,20.83,2.236
73.38,8.33,1.414
73.4,8.33,1.414
73.42,4.17,1
73.44,0,0
73.46,0,0
73.48,0,0
73.5,8.33,1.414
73.52,4.17,1
73.54,0,0
73.56,0,0
73.58,12.5,1.732
73.6,8.33,1.414
73.62,0,0
73.64,0,0
73.66,0,0
73.68,8.33,1.414
73.7,8.33,1.414
73.72,4.17,1
73.74,4.17,1
73.76,4.17,1
73.78,4.17,1
73.8,0,0
73.82,8.33,1.414
73.84,12.5,1.732
73.86,16.67,2
73.88,16.67,2
73.9,8.33,1.414
73.92,20.83,2.236
73.94,29.17,2.646
73.96,16.67,2
73.98,8.33,1.414
74,4.17,1
74.02,8.33,1.414
74.04,8.33,1.414
74.06,8.33,1.414
74.08,0,0
74.1,8.33,1.414
74.12,4.17,1
74.14,4.17,1
74.16,20.83,2.236
74.18,4.17,1
74.2,4.17,1
74.22,8.33,1.414
74.24,4.17,1
74.26,4.17,1
74.28,8.33,1.414
74.3,0,0
74.32,4.17,1
74.34,0,0
74.36,4.17,1
74.38,4.17,1
74.4,4.17,1
74.42,4.17,1
74.44,0,0
74.46,8.33,1.414
74.48,4.17,1
74.5,4.17,1
74.52,0,0
74.54,8.33,1.414
74.56,0,0
74.58,0,0
74.6,4.17,1
74.62,8.33,1.414
74.64,4.17,1
74.66,4.17,1
74.68,4.17,1
74.7,8.33,1.414
74.72,0,0
74.74,0,0
74.76,4.17,1
74.78,4.17,1
74.8,0,0
74.82,4.17,1
74.84,0,0
74.86,8.33,1.414
74.88,4.17,1
74.9,8.33,1.414
74.92,4.17,1
74.94,4.17,1
74.96,8.33,1.414
74.98,0,0
75,0,0
75.02,4.17,1
75.04,8.33,1.414
75.06,0,0
75.08,4.17,1
75.1,8.33,1.414
75.12,0,0
75.14,8.33,1.414
75.16,4.17,1
75.18,4.17,1
75.2,4.17,1
75.22,8.33,1.414
75.24,0,0
75.26,4.17,1
75.28,4.17,1
75.3,8.33,1.414
75.32,0,0
75.34,4.17,1
75.36,4.17,1
75.38,8.33,1.414
75.4,8.33,1.414
75.42,0,0
75.44,12.5,1.732
75.46,4.17,1
75.48,8.33,1.414
75.5,0,0
75.52,4.17,1
75.54,4.17,1
75.56,4.17,1
75.58,4.17,1
75.6,4.17,1
75.62,4.17,1
75.64,8.33,1.414
75.66,0,0
75.68,8.33,1.414
75.7,8.33,1.414
75.72,0,0
75.74,0,0
75.76,8.33,1.414
75.78,12.5,1.732
75.8,0,0
75.82,12.5,1.732
75.84,4.17,1
75.86,12.5,1.732
75.88,8.33,1.414
75.9,8.33,1.414
75.92,8.33,1.414
75.94,12.5,1.732
75.96,0,0
75.98,12.5,1.732
76,4.17,1
76.02,8.33,1.414
76.04,0,0
76.06,4.17,1
76.08,8.33,1.414
76.1,8.33,1.414
76.12,4.17,1
76.14,0,0
76.16,4.17,1
76.18,4.17,1
76.2,0,0
76.22,4.17,1
76.24,4.17,1
76.26,8.33,1.414
76.28,8.33,1.414
76.3,8.33,1.414
76.32,8.33,1.414
76.34,20.83,2.236
76.36,4.17,1
76.38,8.33,1.414
76.4,8.33,1.414
76.42,0,0
76.44,0,0
76.46,8.33,1.414
76.48,0,0
76.5,12.5,1.732
76.52,12.5,1.732
76.54,0,0
76.56,4.17,1
76.58,4.17,1
76.6,8.33,1.414
76.62,8.33,1.414
76.64,8.33,1.414
76.66,4.17,1
76.68,0,0
76.7,0,0
76.72,4.17,1
76.74,0,0
76.76,4.17,1
76.78,0,0
76.8,0,0
76.82,4.17,1
76.84,0,0
76.86,0,0
76.88,0,0
76.9,4.17,1
76.92,4.17,1
76.94,12.5,1.732
76.96,8.33,1.414
76.98,0,0
77,12.5,1.732
77.02,4.17,1
77.04,0,0
77.06,4.17,1
77.08,12.5,1.732
77.1,8.33,1.414
77.12,4.17,1
77.14,4.17,1
77.16,4.17,1
77.18,4.17,1
77.2,8.33,1.414
77.22,0,0
77.24,4.17,1
77.26,8.33,1.414
77.28,0,0
77.3,0,0
77.32,0,0
77.34,0,0
77.36,4.17,1
77.38,4.17,1
77.4,4.17,1
77.42,0,0
77.44,16.67,2
77.46,8.33,1.414
77.48,8.33,1.414
77.5,0,0
77.52,0,0
77.54,8.33,1.414
77.56,4.17,1
77.58,16.67,2
77.6,0,0
77.62,4.17,1
77.64,4.17,1
77.66,8.33,1.414
77.68,25,2.449
77.7,8.33,1.414
77.72,0,0
77.74,8.33,1.414
77.76,4.17,1
77.78,0,0
77.8,12.5,1.732
77.82,8.33,1.414
77.84,4.17,1
77.86,4.17,1
77.88,8.33,1.414
77.9,4.17,1
77.92,4.17,1
77.94,4.17,1
77.96,4.17,1
77.98,4.17,1
78,4.17,1
78.02,0,0
78.04,12.5,1.732
78.06,0,0
78.08,4.17,1
78.1,4.17,1
78.12,12.5,1.732
78.14,0,0
78.16,12.5,1.732
78.18,0,0
78.2,4.17,1
78.22,8.33,1.414
78.24,12.5,1.732
78.26,0,0
78.28,4.17,1
78.3,20.83,2.236
78.32,0,0
78.34,8.33,1.414
78.36,0,0
78.38,0,0
78.4,0,0
78.42,8.33,1.414
78.44,12.5,1.732
78.46,4.17,1
78.48,8.33,1.414
78.5,12.5,1.732
78.52,12.5,1.732
78.54,16.67,2
78.56,0,0
78.58,8.33,1.414
78.6,12.5,1.732
78.62,8.33,1.414
78.64,8.33,1.414
78.66,4.17,1
78.68,4.17,1
78.7,16.67,2
78.72,8.33,1.414
78.74,8.33,1.414
78.76,8.33,1.414
78.78,16.67,2
78.8,12.5,1.732
78.82,12.5,1.732
78.84,8.33,1.414
78.86,8.33,1.414
78.88,33.33,2.828
78.9,20.83,2.236
78.92,12.5,1.732
78.94,41.67,3.162
78.96,16.67,2
78.98,25,2.449
79,4.17,1
79.02,29.17,2.646
79.04,29.17,2.646
79.06,16.67,2
79.08,41.67,3.162
79.1,41.67,3.162
79.12,37.5,3
79.14,95.83,4.796
79.16,79.17,4.359
79.18,91.67,4.69
79.2,100,4.899
79.22,179.17,6.557
79.24,175,6.481
79.26,191.67,6.782
79.28,220.83,7.28
79.3,191.67,6.782
79.32,150,6
79.34,141.67,5.831
79.36,120.83,5.385
79.38,62.5,3.873
79.4,75,4.243
79.42,62.5,3.873
79.44,62.5,3.873
79.46,37.5,3
79.48,25,2.449
79.5,45.83,3.317
79.52,29.17,2.646
79.54,8.33,1.414
79.56,12.5,1.732
79.58,12.5,1.732
79.6,16.67,2
79.62,25,2.449
79.64,25,2.449
79.66,16.67,2
79.68,8.33,1.414
79.7,4.17,1
79.72,25,2.449
79.74,25,2.449
79.76,25,2.449
79.78,20.83,2.236
79.8,33.33,2.828
79.82,16.67,2
79.84,37.5,3
79.86,29.17,2.646
79.88,29.17,2.646
79.9,54.17,3.606
79.92,66.67,4
79.94,70.83,4.123
79.96,54.17,3.606
79.98,104.17,5
80,191.67,6.782
80.02,212.5,7.141
80.04,329.17,8.888
80.06,291.67,8.367
80.08,162.5,6.245
80.1,66.67,4
80.12,54.17,3.606
80.14,75,4.243
80.16,25,2.449
80.18,29.17,2.646
80.2,25,2.449
80.22,33.33,2.828
80.24,12.5,1.732
80.26,33.33,2.828
80.28,12.5,1.732
80.3,20.83,2.236
80.32,20.83,2.236
80.34,29.17,2.646
80.36,20.83,2.236
80.38,16.67,2
80.4,16.67,2
80.42,29.17,2.646
80.44,29.17,2.646
80.46,12.5,1.732
80.48,12.5,1.732
80.5,25,2.449
80.52,16.67,2
80.54,20.83,2.236
80.56,25,2.449
80.58,16.67,2
80.6,20.83,2.236
80.62,29.17,2.646
80.64,29.17,2.646
80.66,29.17,2.646
80.68,16.67,2
80.7,16.67,2
80.72,25,2.449
80.74,12.5,1.732
80.76,29.17,2.646
80.78,20.83,2.236
80.8,20.83,2.236
80.82,20.83,2.236
80.84,37.5,3
80.86,29.17,2.646
80.88,33.33,2.828
80.9,20.83,2.236
80.92,29.17,2.646
80.94,16.67,2
80.96,12.5,1.732
80.98,25,2.449
81,25,2.449
81.02,12.5,1.732
81.04,25,2.449
81.06,25,2.449
81.08,41.67,3.162
81.1,20.83,2.236
81.12,8.33,1.414
81.14,33.33,2.828
81.16,25,2.449
81.18,25,2.449
81.2,16.67,2
81.22,50,3.464
81.24,37.5,3
81.26,20.83,2.236
81.28,50,3.464
81.3,45.83,3.317
81.32,25,2.449
81.34,20.83,2.236
81.36,29.17,2.646
81.38,50,3.464
81.4,33.33,2.828
81.42,16.67,2
81.44,20.83,2.236
81.46,33.33,2.828
81.48,16.67,2
81.5,12.5,1.732
81.52,33.33,2.828
81.54,16.67,2
81.56,29.17,2.646
81.58,29.17,2.646
81.6,54.17,3.606
81.62,16.67,2
81.64,16.67,2
81.66,16.67,2
81.68,25,2.449
81.7,29.17,2.646
81.72,29.17,2.646
81.74,33.33,2.828
81.76,33.33,2.828
81.78,25,2.449
81.8,37.5,3
81.82,37.5,3
81.84,37.5,3
81.86,25,2.449
81.88,25,2.449
81.9,29.17,2.646
81.92,33.33,2.828
81.94,45.83,3.317
81.96,12.5,1.732
81.98,20.83,2.236
82,50,3.464
82.02,25,2.449
82.04,29.17,2.646
82.06,29.17,2.646
82.08,29.17,2.646
82.1,25,2.449
82.12,41.67,3.162
82.14,29.17,2.646
82.16,37.5,3
82.18,29.17,2.646
82.2,33.33,2.828
82.22,20.83,2.236
82.24,16.67,2
82.26,29.17,2.646
82.28,33.33,2.828
82.3,37.5,3
82.32,41.67,3.162
82.34,20.83,2.236
82.36,25,2.449
82.38,41.67,3.162
82.4,20.83,2.236
82.42,33.33,2.828
82.44,25,2.449
82.46,16.67,2
82.48,20.83,2.236
82.5,29.17,2.646
82.52,20.83,2.236
82.54,79.17,4.359
82.56,25,2.449
82.58,33.33,2.828
82.6,45.83,3.317
82.62,33.33,2.828
82.64,16.67,2
82.66,58.33,3.742
82.68,29.17,2.646
82.7,25,2.449
82.72,58.33,3.742
82.74,25,2.449
82.76,58.33,3.742
82.78,70.83,4.123
82.8,50,3.464
82.82,37.5,3
82.84,33.33,2.828
82.86,75,4.243
82.88,120.83,5.385
82.9,87.5,4.583
82.92,83.33,4.472
82.94,95.83,4.796
82.96,66.67,4
82.98,145.83,5.916
83,120.83,5.385
83.02,166.67,6.325
83.04,125,5.477
83.06,179.17,6.557
83.08,220.83,7.28
83.1,187.5,6.708
83.12,229.17,7.416
83.14,304.17,8.544
83.16,250,7.746
83.18,304.17,8.544
83.2,425,10.1
83.22,500,10.954
83.24,637.5,12.369
83.26,695.83,12.923
83.28,750,13.416
83.3,1108.33,16.31
83.32,1312.5,17.748
83.34,1683.33,20.1
83.36,2120.83,22.561
83.38,3479.17,28.896
83.4,6162.5,38.458
83.42,8716.67,45.738
83.44,11162.5,51.759
83.46,10300,49.719
83.48,7375,42.071
83.5,4804.17,33.956
83.52,3291.67,28.107
83.54,2412.5,24.062
83.56,2091.67,22.405
83.58,1800,20.785
83.6,1875,21.213
83.62,2291.67,23.452
83.64,2758.33,25.729
83.66,3954.17,30.806
83.68,5266.67,35.553
83.7,5562.5,36.538
83.72,4583.33,33.166
83.74,3179.17,27.622
83.76,2195.83,22.956
83.78,1620.83,19.723
83.8,1200,16.971
83.82,950,15.1
83.84,662.5,12.61
83.86,612.5,12.124
83.88,516.67,11.136
83.9,404.17,9.849
83.92,337.5,9
83.94,250,7.746
83.96,208.33,7.071
83.98,183.33,6.633
84,166.67,6.325
84.02,150,6
84.04,104.17,5
84.06,150,6
84.08,150,6
84.1,120.83,5.385
84.12,129.17,5.568
84.14,58.33,3.742
84.16,116.67,5.292
84.18,58.33,3.742
84.2,95.83,4.796
84.22,87.5,4.583
84.24,50,3.464
84.26,95.83,4.796
84.28,75,4.243
84.3,45.83,3.317
84.32,83.33,4.472
84.34,75,4.243
84.36,33.33,2.828
84.38,62.5,3.873
84.4,58.33,3.742
84.42,79.17,4.359
84.44,41.67,3.162
84.46,54.17,3.606
84.48,54.17,3.606
84.5,45.83,3.317
84.52,58.33,3.742
84.54,20.83,2.236
84.56,37.5,3
84.58,62.5,3.873
84.6,33.33,2.828
84.62,45.83,3.317
84.64,62.5,3.873
84.66,62.5,3.873
84.68,37.5,3
84.7,33.33,2.828
84.72,33.33,2.828
84.74,41.67,3.162
84.76,33.33,2.828
84.78,50,3.464
84.8,29.17,2.646
84.82,62.5,3.873
84.84,54.17,3.606
84.86,58.33,3.742
84.88,50,3.464
84.9,75,4.243
84.92,37.5,3
84.94,54.17,3.606
84.96,50,3.464
84.98,37.5,3
85,41.67,3.162
85.02,58.33,3.742
85.04,50,3.464
85.06,58.33,3.742
85.08,83.33,4.472
85.1,41.67,3.162
85.12,79.17,4.359
85.14,45.83,3.317
85.16,12.5,1.732
85.18,66.67,4
85.2,45.83,3.317
85.22,33.33,2.828
85.24,62.5,3.873
85.26,50,3.464
85.28,33.33,2.828
85.3,54.17,3.606
85.32,37.5,3
85.34,54.17,3.606
85.36,70.83,4.123
85.38,75,4.243
85.4,33.33,2.828
85.42,58.33,3.742
85.44,75,4.243
85.46,66.67,4
85.48,70.83,4.123
85.5,50,3.464
85.52,70.83,4.123
85.54,91.67,4.69
85.56,100,4.899
85.58,79.17,4.359
85.6,87.5,4.583
85.62,100,4.899
85.64,29.17,2.646
85.66,95.83,4.796
85.68,145.83,5.916
85.7,133.33,5.657
85.72,116.67,5.292
85.74,120.83,5.385
85.76,129.17,5.568
85.78,150,6
85.8,170.83,6.403
85.82,229.17,7.416
85.84,354.17,9.22
85.86,420.83,10.05
85.88,462.5,10.536
85.9,600,12
85.92,800,13.856
85.94,1154.17,16.643
85.96,1379.17,18.193
85.98,1725,20.347
86,1429.17,18.52
86.02,1445.83,18.628
86.04,991.67,15.427
86.06,787.5,13.748
86.08,570.83,11.705
86.1,470.83,10.63
86.12,341.67,9.055
86.14,291.67,8.367
86.16,233.33,7.483
86.18,179.17,6.557
86.2,158.33,6.164
86.22,141.67,5.831
86.24,141.67,5.831
86.26,112.5,5.196
86.28,145.83,5.916
86.3,120.83,5.385
86.32,87.5,4.583
86.34,83.33,4.472
86.36,75,4.243
86.38,137.5,5.745
86.4,100,4.899
86.42,100,4.899
86.44,62.5,3.873
86.46,112.5,5.196
86.48,100,4.899
86.5,95.83,4.796
86.52,75,4.243
86.54,95.83,4.796
86.56,145.83,5.916
86.58,104.17,5
86.6,120.83,5.385
86.62,125,5.477
86.64,95.83,4.796
86.66,129.17,5.568
86.68,179.17,6.557
86.7,141.67,5.831
86.72,187.5,6.708
86.74,212.5,7.141
86.76,250,7.746
86.78,416.67,10
86.8,370.83,9.434
86.82,258.33,7.874
86.84,270.83,8.062
86.86,262.5,7.937
86.88,175,6.481
86.9,154.17,6.083
86.92,133.33,5.657
86.94,95.83,4.796
86.96,141.67,5.831
86.98,116.67,5.292
87,100,4.899
87.02,120.83,5.385
87.04,87.5,4.583
87.06,145.83,5.916
87.08,108.33,5.099
87.1,104.17,5
87.12,75,4.243
87.14,62.5,3.873
87.16,100,4.899
87.18,95.83,4.796
87.2,162.5,6.245
87.22,75,4.243
87.24,91.67,4.69
87.26,79.17,4.359
87.28,112.5,5.196
87.3,75,4.243
87.32,87.5,4.583
87.34,116.67,5.292
87.36,87.5,4.583
87.38,75,4.243
87.4,83.33,4.472
87.42,83.33,4.472
87.44,83.33,4.472
87.46,120.83,5.385
87.48,100,4.899
87.5,95.83,4.796
87.52,75,4.243
87.54,79.17,4.359
87.56,104.17,5
87.58,62.5,3.873
87.6,79.17,4.359
87.62,87.5,4.583
87.64,91.67,4.69
87.66,70.83,4.123
87.68,83.33,4.472
87.7,100,4.899
87.72,91.67,4.69
87.74,75,4.243
87.76,87.5,4.583
87.78,91.67,4.69
87.8,100,4.899
87.82,95.83,4.796
87.84,75,4.243
87.86,120.83,5.385
87.88,70.83,4.123
87.9,150,6
87.92,129.17,5.568
87.94,87.5,4.583
87.96,108.33,5.099
87.98,79.17,4.359
88,62.5,3.873
88.02,116.67,5.292
88.04,100,4.899
88.06,83.33,4.472
88.08,108.33,5.099
88.1,100,4.899
88.12,104.17,5
88.14,145.83,5.916
88.16,100,4.899
88.18,95.83,4.796
88.2,116.67,5.292
88.22,116.67,5.292
88.24,79.17,4.359
88.26,112.5,5.196
88.28,83.33,4.472
88.3,108.33,5.099
88.32,137.5,5.745
88.34,120.83,5.385
88.36,133.33,5.657
88.38,108.33,5.099
88.4,104.17,5
88.42,112.5,5.196
88.44,95.83,4.796
88.46,104.17,5
88.48,112.5,5.196
88.5,112.5,5.196
88.52,104.17,5
88.54,70.83,4.123
88.56,100,4.899
88.58,129.17,5.568
88.6,133.33,5.657
88.62,100,4.899
88.64,137.5,5.745
88.66,120.83,5.385
88.68,116.67,5.292
88.7,87.5,4.583
88.72,133.33,5.657
88.74,100,4.899
88.76,133.33,5.657
88.78,100,4.899
88.8,104.17,5
88.82,54.17,3.606
88.84,91.67,4.69
88.86,108.33,5.099
88.88,104.17,5
88.9,125,5.477
88.92,100,4.899
88.94,104.17,5
88.96,116.67,5.292
88.98,145.83,5.916
89,116.67,5.292
89.02,95.83,4.796
89.04,108.33,5.099
89.06,100,4.899
89.08,112.5,5.196
89.1,104.17,5
89.12,129.17,5.568
89.14,104.17,5
89.16,58.33,3.742
89.18,100,4.899
89.2,120.83,5.385
89.22,116.67,5.292
89.24,154.17,6.083
89.26,112.5,5.196
89.28,112.5,5.196
89.3,112.5,5.196
89.32,145.83,5.916
89.34,125,5.477
89.36,104.17,5
89.38,166.67,6.325
89.4,129.17,5.568
89.42,91.67,4.69
89.44,154.17,6.083
89.46,129.17,5.568
89.48,116.67,5.292
89.5,158.33,6.164
89.52,175,6.481
89.54,179.17,6.557
89.56,162.5,6.245
89.58,120.83,5.385
89.6,141.67,5.831
89.62,191.67,6.782
89.64,129.17,5.568
89.66,183.33,6.633
89.68,162.5,6.245
89.7,120.83,5.385
89.72,170.83,6.403
89.74,179.17,6.557
89.76,179.17,6.557
89.78,162.5,6.245
89.8,162.5,6.245
89.82,191.67,6.782
89.84,166.67,6.325
89.86,216.67,7.211
89.88,216.67,7.211
89.9,225,7.348
89.92,212.5,7.141
89.94,266.67,8
89.96,266.67,8
89.98,212.5,7.141
90,229.17,7.416
